BTC,Date,Closing Price (USD)
BTC,10/1/2013,123.65499
BTC,10/2/2013,125.455
BTC,10/3/2013,108.58483
BTC,10/4/2013,118.67466
BTC,10/5/2013,121.33866
BTC,10/6/2013,120.65533
BTC,10/7/2013,121.795
BTC,10/8/2013,123.033
BTC,10/9/2013,124.049
BTC,10/10/2013,125.96116
BTC,10/11/2013,125.27966
BTC,10/12/2013,125.9275
BTC,10/13/2013,126.38333
BTC,10/14/2013,135.24199
BTC,10/15/2013,133.20333
BTC,10/16/2013,142.76333
BTC,10/17/2013,137.92333
BTC,10/18/2013,142.95166
BTC,10/19/2013,152.55183
BTC,10/20/2013,160.33883
BTC,10/21/2013,164.31499
BTC,10/22/2013,177.63333
BTC,10/23/2013,188.29716
BTC,10/24/2013,200.70166
BTC,10/25/2013,180.355
BTC,10/26/2013,175.03166
BTC,10/27/2013,177.6965
BTC,10/28/2013,187.15983
BTC,10/29/2013,192.75666
BTC,10/30/2013,197.4
BTC,10/31/2013,196.02499
BTC,11/1/2013,198.04883
BTC,11/2/2013,198.93233
BTC,11/3/2013,200.543
BTC,11/4/2013,210.3075
BTC,11/5/2013,225.02
BTC,11/6/2013,248.25333
BTC,11/7/2013,262.32666
BTC,11/8/2013,294.48699
BTC,11/9/2013,331.10325
BTC,11/10/2013,285.8875
BTC,11/11/2013,304.97974
BTC,11/12/2013,338.137
BTC,11/13/2013,357.48
BTC,11/14/2013,402.954
BTC,11/15/2013,409.10375
BTC,11/16/2013,420.21649
BTC,11/17/2013,437.29725
BTC,11/18/2013,510.6025
BTC,11/19/2013,693.65
BTC,11/20/2013,531.54249
BTC,11/21/2013,574.71599
BTC,11/22/2013,681.33
BTC,11/23/2013,774.18
BTC,11/24/2013,746.19374
BTC,11/25/2013,768.8475
BTC,11/26/2013,789.36475
BTC,11/27/2013,893.1815
BTC,11/28/2013,934.355
BTC,11/29/2013,1068.363
BTC,11/30/2013,1154.92593
BTC,12/1/2013,1099.51926
BTC,12/2/2013,1019.78966
BTC,12/3/2013,1028.845
BTC,12/4/2013,1071.2848
BTC,12/5/2013,1139.33083
BTC,12/6/2013,1004.61633
BTC,12/7/2013,759.43041
BTC,12/8/2013,689.81
BTC,12/9/2013,841.83966
BTC,12/10/2013,916.77599
BTC,12/11/2013,967.42866
BTC,12/12/2013,866.29003
BTC,12/13/2013,911.23204
BTC,12/14/2013,889.81946
BTC,12/15/2013,848.9975
BTC,12/16/2013,868.95316
BTC,12/17/2013,653.80483
BTC,12/18/2013,654.06266
BTC,12/19/2013,553.69166
BTC,12/20/2013,693.05883
BTC,12/21/2013,649.38965
BTC,12/22/2013,595.95883
BTC,12/23/2013,647.68316
BTC,12/24/2013,671.58116
BTC,12/25/2013,659.84333
BTC,12/26/2013,702.00083
BTC,12/27/2013,758.01016
BTC,12/28/2013,734.01166
BTC,12/29/2013,717.92623
BTC,12/30/2013,752.82022
BTC,12/31/2013,744.17249
BTC,1/1/2014,768.40783
BTC,1/2/2014,769.09849
BTC,1/3/2014,804.02719
BTC,1/4/2014,813.31748
BTC,1/5/2014,871.11583
BTC,1/6/2014,970.65083
BTC,1/7/2014,962.46447
BTC,1/8/2014,855.75933
BTC,1/9/2014,860.84166
BTC,1/10/2014,847.5325
BTC,1/11/2014,892.26115
BTC,1/12/2014,916.69666
BTC,1/13/2014,873.27168
BTC,1/14/2014,863.69888
BTC,1/15/2014,853.25666
BTC,1/16/2014,874.07416
BTC,1/17/2014,842.19173
BTC,1/18/2014,834.86666
BTC,1/19/2014,838.42916
BTC,1/20/2014,881.87583
BTC,1/21/2014,873.28916
BTC,1/22/2014,874.13266
BTC,1/23/2014,864.56116
BTC,1/24/2014,838.14997
BTC,1/25/2014,834.57416
BTC,1/26/2014,858.12641
BTC,1/27/2014,887.08337
BTC,1/28/2014,830.53133
BTC,1/29/2014,832.89496
BTC,1/30/2014,832.87399
BTC,1/31/2014,841.48914
BTC,2/1/2014,847.36383
BTC,2/2/2014,854.7225
BTC,2/3/2014,856.03366
BTC,2/4/2014,847.70697
BTC,2/5/2014,844.28836
BTC,2/6/2014,802.75333
BTC,2/7/2014,748.43559
BTC,2/8/2014,692.66914
BTC,2/9/2014,668.86463
BTC,2/10/2014,700.44843
BTC,2/11/2014,694.3125
BTC,2/12/2014,665.7975
BTC,2/13/2014,645.615
BTC,2/14/2014,578.4125
BTC,2/15/2014,641.91
BTC,2/16/2014,656.2725
BTC,2/17/2014,611.04499
BTC,2/18/2014,634.99
BTC,2/19/2014,618.79
BTC,2/20/2014,619.8425
BTC,2/21/2014,545.7625
BTC,2/22/2014,561.535
BTC,2/23/2014,622.22
BTC,2/24/2014,572.7675
BTC,2/25/2014,501.155
BTC,2/26/2014,550.6025
BTC,2/27/2014,573.1025
BTC,2/28/2014,567.2925
BTC,3/1/2014,551.73
BTC,3/2/2014,560.195
BTC,3/3/2014,567.7
BTC,3/4/2014,666.1475
BTC,3/5/2014,660.84
BTC,3/6/2014,662.0225
BTC,3/7/2014,651.285
BTC,3/8/2014,612.33
BTC,3/9/2014,611.1625
BTC,3/10/2014,637.615
BTC,3/11/2014,626
BTC,3/12/2014,633.74749
BTC,3/13/2014,631.755
BTC,3/14/2014,636.41414
BTC,3/15/2014,628.18751
BTC,3/16/2014,632.95333
BTC,3/17/2014,630.34833
BTC,3/18/2014,617.24333
BTC,3/19/2014,616.86665
BTC,3/20/2014,601.015
BTC,3/21/2014,581.33333
BTC,3/22/2014,570.36168
BTC,3/23/2014,562.95333
BTC,3/24/2014,557.16833
BTC,3/25/2014,573.34998
BTC,3/26/2014,572.49161
BTC,3/27/2014,570.54833
BTC,3/28/2014,509.70665
BTC,3/29/2014,499.24998
BTC,3/30/2014,486.80845
BTC,3/31/2014,472.4783
BTC,4/1/2014,464.88
BTC,4/2/2014,480.16581
BTC,4/3/2014,427.87498
BTC,4/4/2014,432.99716
BTC,4/5/2014,453.87148
BTC,4/6/2014,462.445
BTC,4/7/2014,456.46948
BTC,4/8/2014,452.81
BTC,4/9/2014,450.48083
BTC,4/10/2014,426.98333
BTC,4/11/2014,374.59166
BTC,4/12/2014,438.24666
BTC,4/13/2014,423.51566
BTC,4/14/2014,409.03166
BTC,4/15/2014,455.28316
BTC,4/16/2014,517.09666
BTC,4/17/2014,522.455
BTC,4/18/2014,490.8785
BTC,4/19/2014,469.38332
BTC,4/20/2014,507.80663
BTC,4/21/2014,505.09665
BTC,4/22/2014,497.65001
BTC,4/23/2014,487.84
BTC,4/24/2014,487.11333
BTC,4/25/2014,469.08816
BTC,4/26/2014,448.77834
BTC,4/27/2014,452.14829
BTC,4/28/2014,426.78166
BTC,4/29/2014,432.60498
BTC,4/30/2014,444.85668
BTC,5/1/2014,454.55666
BTC,5/2/2014,453.59833
BTC,5/3/2014,441.97833
BTC,5/4/2014,438.29035
BTC,5/5/2014,432.78748
BTC,5/6/2014,418.61831
BTC,5/7/2014,428.42593
BTC,5/8/2014,442.57666
BTC,5/9/2014,439.04
BTC,5/10/2014,449.04333
BTC,5/11/2014,449.74166
BTC,5/12/2014,434.27
BTC,5/13/2014,437
BTC,5/14/2014,438.88
BTC,5/15/2014,445.045
BTC,5/16/2014,443.18
BTC,5/17/2014,445.60666
BTC,5/18/2014,445.15666
BTC,5/19/2014,444.73833
BTC,5/20/2014,455.65333
BTC,5/21/2014,489.86999
BTC,5/22/2014,490.18666
BTC,5/23/2014,522.31
BTC,5/24/2014,512.30833
BTC,5/25/2014,533.92999
BTC,5/26/2014,579.59333
BTC,5/27/2014,581.51
BTC,5/28/2014,572.44833
BTC,5/29/2014,562.4
BTC,5/30/2014,571.845
BTC,5/31/2014,612.12666
BTC,6/1/2014,638.16333
BTC,6/2/2014,634.98333
BTC,6/3/2014,660.24666
BTC,6/4/2014,627.79833
BTC,6/5/2014,642.89166
BTC,6/6/2014,652.52666
BTC,6/7/2014,648.60166
BTC,6/8/2014,652.59166
BTC,6/9/2014,652.11
BTC,6/10/2014,644.085
BTC,6/11/2014,642.00666
BTC,6/12/2014,632.55
BTC,6/13/2014,585.48333
BTC,6/14/2014,588.52333
BTC,6/15/2014,570.28833
BTC,6/16/2014,589.06666
BTC,6/17/2014,592.25666
BTC,6/18/2014,610.41333
BTC,6/19/2014,601.88666
BTC,6/20/2014,594.09333
BTC,6/21/2014,582.04499
BTC,6/22/2014,599.57
BTC,6/23/2014,592.405
BTC,6/24/2014,584.64166
BTC,6/25/2014,575.905
BTC,6/26/2014,571.76666
BTC,6/27/2014,582.43166
BTC,6/28/2014,597.66833
BTC,6/29/2014,598.73333
BTC,6/30/2014,597.51333
BTC,7/1/2014,647.12249
BTC,7/2/2014,637.85625
BTC,7/3/2014,642.65125
BTC,7/4/2014,643.95124
BTC,7/5/2014,628.41625
BTC,7/6/2014,631.03
BTC,7/7/2014,631.29875
BTC,7/8/2014,621.24249
BTC,7/9/2014,620.72
BTC,7/10/2014,621.3075
BTC,7/11/2014,616.83124
BTC,7/12/2014,634.35749
BTC,7/13/2014,627.69
BTC,7/14/2014,621.42499
BTC,7/15/2014,618.73875
BTC,7/16/2014,619.8075
BTC,7/17/2014,614.68875
BTC,7/18/2014,623.49749
BTC,7/19/2014,623.99625
BTC,7/20/2014,623.00625
BTC,7/21/2014,617.96124
BTC,7/22/2014,622.10749
BTC,7/23/2014,618.4475
BTC,7/24/2014,617.6875
BTC,7/25/2014,602.93125
BTC,7/26/2014,597.585
BTC,7/27/2014,592.96375
BTC,7/28/2014,580.11
BTC,7/29/2014,585.44875
BTC,7/30/2014,580.5175
BTC,7/31/2014,564.57
BTC,8/1/2014,583.39
BTC,8/2/2014,593.80625
BTC,8/3/2014,581.52
BTC,8/4/2014,585.80125
BTC,8/5/2014,582.33375
BTC,8/6/2014,582.52125
BTC,8/7/2014,583.62375
BTC,8/8/2014,595.80875
BTC,8/9/2014,585.39625
BTC,8/10/2014,586.05875
BTC,8/11/2014,588.7525
BTC,8/12/2014,566.31625
BTC,8/13/2014,565.55125
BTC,8/14/2014,534.54
BTC,8/15/2014,511.4725
BTC,8/16/2014,487.56625
BTC,8/17/2014,516.62625
BTC,8/18/2014,489.4675
BTC,8/19/2014,455.91625
BTC,8/20/2014,472.91
BTC,8/21/2014,519.015
BTC,8/22/2014,508.12875
BTC,8/23/2014,507.51
BTC,8/24/2014,501.63125
BTC,8/25/2014,503.32125
BTC,8/26/2014,504.62625
BTC,8/27/2014,513.39125
BTC,8/28/2014,514.62375
BTC,8/29/2014,506.025
BTC,8/30/2014,504.70625
BTC,8/31/2014,502.055
BTC,9/1/2014,474.5425
BTC,9/2/2014,477.98375
BTC,9/3/2014,476.88375
BTC,9/4/2014,475.65
BTC,9/5/2014,485.65125
BTC,9/6/2014,480.9075
BTC,9/7/2014,481.88375
BTC,9/8/2014,473.58625
BTC,9/9/2014,468.5775
BTC,9/10/2014,474.29125
BTC,9/11/2014,479.4175
BTC,9/12/2014,473.6725
BTC,9/13/2014,471.5325
BTC,9/14/2014,475.37875
BTC,9/15/2014,475.02125
BTC,9/16/2014,471.08375
BTC,9/17/2014,464.55375
BTC,9/18/2014,449.95875
BTC,9/19/2014,425.4475
BTC,9/20/2014,410.08
BTC,9/21/2014,405.79625
BTC,9/22/2014,399.0975
BTC,9/23/2014,399.5025
BTC,9/24/2014,427.8125
BTC,9/25/2014,416.12
BTC,9/26/2014,410.15
BTC,9/27/2014,403.4975
BTC,9/28/2014,398.84
BTC,9/29/2014,377.97875
BTC,9/30/2014,376.08375
BTC,10/1/2014,387.94
BTC,10/2/2014,381.7475
BTC,10/3/2014,372.0575
BTC,10/4/2014,360.7525
BTC,10/5/2014,335.98125
BTC,10/6/2014,308.07875
BTC,10/7/2014,337.23375
BTC,10/8/2014,326.2325
BTC,10/9/2014,351.34625
BTC,10/10/2014,368.59625
BTC,10/11/2014,359.2025
BTC,10/12/2014,356.99875
BTC,10/13/2014,371.15625
BTC,10/14/2014,392.7825
BTC,10/15/2014,396.34625
BTC,10/16/2014,392.56625
BTC,10/17/2014,376.26875
BTC,10/18/2014,378.675
BTC,10/19/2014,390.95875
BTC,10/20/2014,381.72375
BTC,10/21/2014,380.0575
BTC,10/22/2014,382.93875
BTC,10/23/2014,376.59
BTC,10/24/2014,351.7825
BTC,10/25/2014,353.6325
BTC,10/26/2014,345.1925
BTC,10/27/2014,350.9775
BTC,10/28/2014,349.79625
BTC,10/29/2014,348.9025
BTC,10/30/2014,335.53625
BTC,10/31/2014,343.55875
BTC,11/1/2014,338.0105
BTC,11/2/2014,325.22633
BTC,11/3/2014,331.60083
BTC,11/4/2014,324.71833
BTC,11/5/2014,332.45666
BTC,11/6/2014,336.585
BTC,11/7/2014,346.775
BTC,11/8/2014,344.81166
BTC,11/9/2014,343.065
BTC,11/10/2014,358.50166
BTC,11/11/2014,368.07666
BTC,11/12/2014,376.99666
BTC,11/13/2014,442.10666
BTC,11/14/2014,389.00333
BTC,11/15/2014,394.92666
BTC,11/16/2014,377.08
BTC,11/17/2014,400.47166
BTC,11/18/2014,384.93
BTC,11/19/2014,375.83333
BTC,11/20/2014,376.16
BTC,11/21/2014,348.565
BTC,11/22/2014,352.42
BTC,11/23/2014,356.8
BTC,11/24/2014,367.83
BTC,11/25/2014,381.20666
BTC,11/26/2014,375.498
BTC,11/27/2014,372.819
BTC,11/28/2014,368.983
BTC,11/29/2014,375.44
BTC,11/30/2014,376.851
BTC,12/1/2014,376.13218
BTC,12/2/2014,377.862
BTC,12/3/2014,382.452
BTC,12/4/2014,376.382
BTC,12/5/2014,368.3618
BTC,12/6/2014,373.414
BTC,12/7/2014,373.744
BTC,12/8/2014,373.155
BTC,12/9/2014,357.884
BTC,12/10/2014,348.898
BTC,12/11/2014,341.041
BTC,12/12/2014,348.272
BTC,12/13/2014,346.742
BTC,12/14/2014,347.348
BTC,12/15/2014,348.674
BTC,12/16/2014,338.547
BTC,12/17/2014,330.536
BTC,12/18/2014,317.405
BTC,12/19/2014,306.45999
BTC,12/20/2014,319.196
BTC,12/21/2014,321.89299
BTC,12/22/2014,320.03499
BTC,12/23/2014,328.701
BTC,12/24/2014,332.053
BTC,12/25/2014,321.386
BTC,12/26/2014,318.563
BTC,12/27/2014,320.868
BTC,12/28/2014,316.009
BTC,12/29/2014,315.64
BTC,12/30/2014,313.994
BTC,12/31/2014,309.903
BTC,1/1/2015,317.204
BTC,1/2/2015,314.49899
BTC,1/3/2015,311.14099
BTC,1/4/2015,277.853
BTC,1/5/2015,270.813
BTC,1/6/2015,272.0175
BTC,1/7/2015,283.84125
BTC,1/8/2015,290.485
BTC,1/9/2015,281.03625
BTC,1/10/2015,286.688
BTC,1/11/2015,277.64999
BTC,1/12/2015,268.10199
BTC,1/13/2015,243.081
BTC,1/14/2015,219.128
BTC,1/15/2015,193.3511
BTC,1/16/2015,220.5745
BTC,1/17/2015,209.1655
BTC,1/18/2015,195.59467
BTC,1/19/2015,212.2711
BTC,1/20/2015,211.5401
BTC,1/21/2015,212.28249
BTC,1/22/2015,230.6754
BTC,1/23/2015,226.30419
BTC,1/24/2015,231.4242
BTC,1/25/2015,251.606
BTC,1/26/2015,283.59769
BTC,1/27/2015,258.5374
BTC,1/28/2015,257.447
BTC,1/29/2015,235.948
BTC,1/30/2015,233.141
BTC,1/31/2015,226.94116
BTC,2/1/2015,216.66066
BTC,2/2/2015,229.80441
BTC,2/3/2015,237.65175
BTC,2/4/2015,225.83858
BTC,2/5/2015,226.554
BTC,2/6/2015,219.75625
BTC,2/7/2015,225.46666
BTC,2/8/2015,225.73291
BTC,2/9/2015,222.78408
BTC,2/10/2015,220.16725
BTC,2/11/2015,223.00366
BTC,2/12/2015,218.72833
BTC,2/13/2015,223.96716
BTC,2/14/2015,237.65716
BTC,2/15/2015,256.21758
BTC,2/16/2015,230.1355
BTC,2/17/2015,235.71275
BTC,2/18/2015,242.93183
BTC,2/19/2015,237.1035
BTC,2/20/2015,241.07183
BTC,2/21/2015,245.70566
BTC,2/22/2015,245.145
BTC,2/23/2015,235.14141
BTC,2/24/2015,238.93183
BTC,2/25/2015,238.15225
BTC,2/26/2015,235.67716
BTC,2/27/2015,251.28908
BTC,2/28/2015,251.03416
BTC,3/1/2015,251.9314
BTC,3/2/2015,258.8485
BTC,3/3/2015,270.7625
BTC,3/4/2015,278.1172
BTC,3/5/2015,269.2606
BTC,3/6/2015,274.8977
BTC,3/7/2015,270.86109
BTC,3/8/2015,276.72789
BTC,3/9/2015,277.98519
BTC,3/10/2015,294.1886
BTC,3/11/2015,289.7149
BTC,3/12/2015,292.8678
BTC,3/13/2015,293.224
BTC,3/14/2015,282.644
BTC,3/15/2015,283.0809
BTC,3/16/2015,290.61579
BTC,3/17/2015,290.542
BTC,3/18/2015,283.7507
BTC,3/19/2015,252.44789
BTC,3/20/2015,263.4741
BTC,3/21/2015,259.913
BTC,3/22/2015,259.3943
BTC,3/23/2015,267.5549
BTC,3/24/2015,265.273
BTC,3/25/2015,246.6733
BTC,3/26/2015,245.6489
BTC,3/27/2015,246.5497
BTC,3/28/2015,248.4467
BTC,3/29/2015,246.728
BTC,3/30/2015,245.1133
BTC,3/31/2015,247.2639
BTC,4/1/2015,243.3028
BTC,4/2/2015,246.96
BTC,4/3/2015,252.0578
BTC,4/4/2015,253.4334
BTC,4/5/2015,252.0256
BTC,4/6/2015,260.3589
BTC,4/7/2015,252.0909
BTC,4/8/2015,252.8629
BTC,4/9/2015,244.0449
BTC,4/10/2015,240.9478
BTC,4/11/2015,236.4388
BTC,4/12/2015,236.5542
BTC,4/13/2015,235.522
BTC,4/14/2015,222.6009
BTC,4/15/2015,220.9126
BTC,4/16/2015,226.0171
BTC,4/17/2015,227.9255
BTC,4/18/2015,223.317
BTC,4/19/2015,223.4062
BTC,4/20/2015,223.9214
BTC,4/21/2015,224.9815
BTC,4/22/2015,235.50369
BTC,4/23/2015,234.15749
BTC,4/24/2015,233.40079
BTC,4/25/2015,228.92379
BTC,4/26/2015,219.94549
BTC,4/27/2015,219.19029
BTC,4/28/2015,227.3867
BTC,4/29/2015,225.3545
BTC,4/30/2015,225.9976
BTC,5/1/2015,236.6827
BTC,5/2/2015,233.8511
BTC,5/3/2015,236.2378
BTC,5/4/2015,240.3646
BTC,5/5/2015,235.6033
BTC,5/6/2015,235.6017
BTC,5/7/2015,230.4207
BTC,5/8/2015,237.059
BTC,5/9/2015,244.6989
BTC,5/10/2015,241.516
BTC,5/11/2015,239.4036
BTC,5/12/2015,240.00079
BTC,5/13/2015,241.3529
BTC,5/14/2015,235.5478
BTC,5/15/2015,237.5737
BTC,5/16/2015,236.657
BTC,5/17/2015,236.339
BTC,5/18/2015,236.2319
BTC,5/19/2015,233.3119
BTC,5/20/2015,232.7193
BTC,5/21/2015,234.204
BTC,5/22/2015,235.86329
BTC,5/23/2015,240.1588
BTC,5/24/2015,239.7985
BTC,5/25/2015,240.9415
BTC,5/26/2015,237.6588
BTC,5/27/2015,237.1844
BTC,5/28/2015,237.6708
BTC,5/29/2015,237.2277
BTC,5/30/2015,236.1404
BTC,5/31/2015,233.3328
BTC,6/1/2015,230.8331
BTC,6/2/2015,223.415
BTC,6/3/2015,226.6168
BTC,6/4/2015,225.444
BTC,6/5/2015,223.9665
BTC,6/6/2015,224.2525
BTC,6/7/2015,225.8403
BTC,6/8/2015,223.69459
BTC,6/9/2015,228.1884
BTC,6/10/2015,229.2025
BTC,6/11/2015,229.9599
BTC,6/12/2015,229.9082
BTC,6/13/2015,230.6695
BTC,6/14/2015,233.1445
BTC,6/15/2015,234.7473
BTC,6/16/2015,237.39899
BTC,6/17/2015,248.7435
BTC,6/18/2015,247.2359
BTC,6/19/2015,249.0733
BTC,6/20/2015,240.7897
BTC,6/21/2015,244.15625
BTC,6/22/2015,244.9588
BTC,6/23/2015,247.1273
BTC,6/24/2015,243.371
BTC,6/25/2015,240.9204
BTC,6/26/2015,242.31912
BTC,6/27/2015,242.28812
BTC,6/28/2015,250.382
BTC,6/29/2015,249.42725
BTC,6/30/2015,258.38549
BTC,7/1/2015,261.71749
BTC,7/2/2015,259.62937
BTC,7/3/2015,255.52675
BTC,7/4/2015,253.87887
BTC,7/5/2015,261.42899
BTC,7/6/2015,267.60762
BTC,7/7/2015,270.07587
BTC,7/8/2015,264.356
BTC,7/9/2015,267.943
BTC,7/10/2015,269.24925
BTC,7/11/2015,286.53662
BTC,7/12/2015,301.03837
BTC,7/13/2015,304.9905
BTC,7/14/2015,290.93137
BTC,7/15/2015,288.48787
BTC,7/16/2015,287.55762
BTC,7/17/2015,276.97924
BTC,7/18/2015,278.33337
BTC,7/19/2015,275.30687
BTC,7/20/2015,274.28387
BTC,7/21/2015,279.45925
BTC,7/22/2015,274.87242
BTC,7/23/2015,276.2095
BTC,7/24/2015,276.24491
BTC,7/25/2015,287.55583
BTC,7/26/2015,287.83983
BTC,7/27/2015,291.20091
BTC,7/28/2015,293.15058
BTC,7/29/2015,292.99425
BTC,7/30/2015,288.61658
BTC,7/31/2015,286.74491
BTC,8/1/2015,282.33741
BTC,8/2/2015,278.68258
BTC,8/3/2015,279.48591
BTC,8/4/2015,283.49091
BTC,8/5/2015,284.24366
BTC,8/6/2015,280.9375
BTC,8/7/2015,275.92866
BTC,8/8/2015,278.2765
BTC,8/9/2015,261.75225
BTC,8/10/2015,265.0825
BTC,8/11/2015,264.87516
BTC,8/12/2015,270.22325
BTC,8/13/2015,264.14299
BTC,8/14/2015,262.01758
BTC,8/15/2015,265.3955
BTC,8/16/2015,261.20058
BTC,8/17/2015,258.0065
BTC,8/18/2015,256.44841
BTC,8/19/2015,230.38424
BTC,8/20/2015,232.06483
BTC,8/21/2015,234.56375
BTC,8/22/2015,233.03691
BTC,8/23/2015,231.21275
BTC,8/24/2015,227.23233
BTC,8/25/2015,203.18133
BTC,8/26/2015,219.81583
BTC,8/27/2015,224.53608
BTC,8/28/2015,224.18875
BTC,8/29/2015,230.93575
BTC,8/30/2015,230.58541
BTC,8/31/2015,227.18083
BTC,9/1/2015,229.02966
BTC,9/2/2015,226.28841
BTC,9/3/2015,228.35299
BTC,9/4/2015,227.14741
BTC,9/5/2015,229.66691
BTC,9/6/2015,240.70116
BTC,9/7/2015,239.88
BTC,9/8/2015,242.01891
BTC,9/9/2015,244.31383
BTC,9/10/2015,237.99466
BTC,9/11/2015,240.56366
BTC,9/12/2015,239.81675
BTC,9/13/2015,235.053
BTC,9/14/2015,229.15808
BTC,9/15/2015,230.51091
BTC,9/16/2015,230.98066
BTC,9/17/2015,229.58975
BTC,9/18/2015,233.2385
BTC,9/19/2015,232.50008
BTC,9/20/2015,231.33733
BTC,9/21/2015,230.75433
BTC,9/22/2015,227.79358
BTC,9/23/2015,231.30983
BTC,9/24/2015,231.09508
BTC,9/25/2015,233.74475
BTC,9/26/2015,234.92466
BTC,9/27/2015,234.32908
BTC,9/28/2015,237.21116
BTC,9/29/2015,238.56625
BTC,9/30/2015,238.06125
BTC,10/1/2015,237.15191
BTC,10/2/2015,238.06358
BTC,10/3/2015,237.63516
BTC,10/4/2015,238.99883
BTC,10/5/2015,238.82433
BTC,10/6/2015,240.63075
BTC,10/7/2015,246.49633
BTC,10/8/2015,244.49816
BTC,10/9/2015,243.25675
BTC,10/10/2015,244.96533
BTC,10/11/2015,245.07
BTC,10/12/2015,247.65041
BTC,10/13/2015,244.57641
BTC,10/14/2015,249.45908
BTC,10/15/2015,254.64216
BTC,10/16/2015,255.72741
BTC,10/17/2015,267.53983
BTC,10/18/2015,270.04041
BTC,10/19/2015,264.98625
BTC,10/20/2015,264.92575
BTC,10/21/2015,270.49541
BTC,10/22/2015,267.46908
BTC,10/23/2015,274.25325
BTC,10/24/2015,279.97908
BTC,10/25/2015,286.86941
BTC,10/26/2015,284.286
BTC,10/27/2015,287.83091
BTC,10/28/2015,300.53566
BTC,10/29/2015,304.32691
BTC,10/30/2015,326.55691
BTC,10/31/2015,327.58425
BTC,11/1/2015,311.70274
BTC,11/2/2015,325.64666
BTC,11/3/2015,369.51133
BTC,11/4/2015,432.46133
BTC,11/5/2015,434.31683
BTC,11/6/2015,359.586
BTC,11/7/2015,377.64099
BTC,11/8/2015,387.775
BTC,11/9/2015,370.652
BTC,11/10/2015,376.948
BTC,11/11/2015,311.702
BTC,11/12/2015,320.036
BTC,11/13/2015,337.893
BTC,11/14/2015,334.125
BTC,11/15/2015,333.951
BTC,11/16/2015,320.06
BTC,11/17/2015,337.759
BTC,11/18/2015,333.33299
BTC,11/19/2015,334.02499
BTC,11/20/2015,315.63099
BTC,11/21/2015,321.482
BTC,11/22/2015,326.365
BTC,11/23/2015,322.606
BTC,11/24/2015,320.993
BTC,11/25/2015,318.337
BTC,11/26/2015,332.471
BTC,11/27/2015,349.138
BTC,11/28/2015,354.954
BTC,11/29/2015,356.806
BTC,11/30/2015,375.204
BTC,12/1/2015,377.798
BTC,12/2/2015,352.128
BTC,12/3/2015,366.788
BTC,12/4/2015,358.443
BTC,12/5/2015,369.956
BTC,12/6/2015,394.861
BTC,12/7/2015,391.618
BTC,12/8/2015,395.59299
BTC,12/9/2015,421.424
BTC,12/10/2015,415.076
BTC,12/11/2015,421.813
BTC,12/12/2015,467.831
BTC,12/13/2015,435.091
BTC,12/14/2015,437.021
BTC,12/15/2015,453.676
BTC,12/16/2015,445.805
BTC,12/17/2015,451.102
BTC,12/18/2015,456.425
BTC,12/19/2015,464.218
BTC,12/20/2015,460.238
BTC,12/21/2015,435.64099
BTC,12/22/2015,438.276
BTC,12/23/2015,437.994
BTC,12/24/2015,456.572
BTC,12/25/2015,455.743
BTC,12/26/2015,447.606
BTC,12/27/2015,419.338
BTC,12/28/2015,427.817
BTC,12/29/2015,422.741
BTC,12/30/2015,431.029
BTC,12/31/2015,424.962
BTC,1/1/2016,432.358
BTC,1/2/2016,433.773
BTC,1/3/2016,431.985
BTC,1/4/2016,431.691
BTC,1/5/2016,433.732
BTC,1/6/2016,427.164
BTC,1/7/2016,441.021
BTC,1/8/2016,457.168
BTC,1/9/2016,452.368
BTC,1/10/2016,445.327
BTC,1/11/2016,450.312
BTC,1/12/2016,446.614
BTC,1/13/2016,431.156
BTC,1/14/2016,431.41
BTC,1/15/2016,416.29
BTC,1/16/2016,372.737
BTC,1/17/2016,383.138
BTC,1/18/2016,380.817
BTC,1/19/2016,382.738
BTC,1/20/2016,378.775
BTC,1/21/2016,417.439
BTC,1/22/2016,403.271
BTC,1/23/2016,388.219
BTC,1/24/2016,388.538
BTC,1/25/2016,397.885
BTC,1/26/2016,390.715
BTC,1/27/2016,392.389
BTC,1/28/2016,381.356
BTC,1/29/2016,369.133
BTC,1/30/2016,376.952
BTC,1/31/2016,378.174
BTC,2/1/2016,372.157
BTC,2/2/2016,372.453
BTC,2/3/2016,372.762
BTC,2/4/2016,370.433
BTC,2/5/2016,386.954
BTC,2/6/2016,377.889
BTC,2/7/2016,376.44
BTC,2/8/2016,376.924
BTC,2/9/2016,372.434
BTC,2/10/2016,374.764
BTC,2/11/2016,379.186
BTC,2/12/2016,378.576
BTC,2/13/2016,388.87
BTC,2/14/2016,397.23
BTC,2/15/2016,405.621
BTC,2/16/2016,401.663
BTC,2/17/2016,407.017
BTC,2/18/2016,417.492
BTC,2/19/2016,421.956
BTC,2/20/2016,422.054
BTC,2/21/2016,439.61
BTC,2/22/2016,436.14
BTC,2/23/2016,438.745
BTC,2/24/2016,419.896
BTC,2/25/2016,422.617
BTC,2/26/2016,421.244
BTC,2/27/2016,433.401
BTC,2/28/2016,425.502
BTC,2/29/2016,438.28
BTC,3/1/2016,436.426
BTC,3/2/2016,434.001
BTC,3/3/2016,419.254
BTC,3/4/2016,421.597
BTC,3/5/2016,407.722
BTC,3/6/2016,397.883
BTC,3/7/2016,407.276
BTC,3/8/2016,414.213
BTC,3/9/2016,410.739
BTC,3/10/2016,411.672
BTC,3/11/2016,416.708
BTC,3/12/2016,415.04
BTC,3/13/2016,411.637
BTC,3/14/2016,414.208
BTC,3/15/2016,416.034
BTC,3/16/2016,414.167
BTC,3/17/2016,417.138
BTC,3/18/2016,417.154
BTC,3/19/2016,407.473
BTC,3/20/2016,409.24
BTC,3/21/2016,407.496
BTC,3/22/2016,415.125
BTC,3/23/2016,417.318
BTC,3/24/2016,415.837
BTC,3/25/2016,414.75699
BTC,3/26/2016,416.851
BTC,3/27/2016,416.233
BTC,3/28/2016,424.297
BTC,3/29/2016,423.597
BTC,3/30/2016,414.613
BTC,3/31/2016,414.458
BTC,4/1/2016,416.012
BTC,4/2/2016,418.785
BTC,4/3/2016,418.93999
BTC,4/4/2016,418.593
BTC,4/5/2016,422.044
BTC,4/6/2016,422.29499
BTC,4/7/2016,420.553
BTC,4/8/2016,421.616
BTC,4/9/2016,415.751
BTC,4/10/2016,418.078
BTC,4/11/2016,421.192
BTC,4/12/2016,426.383
BTC,4/13/2016,426.84399
BTC,4/14/2016,425.494
BTC,4/15/2016,426.279
BTC,4/16/2016,429.775
BTC,4/17/2016,430.453
BTC,4/18/2016,429.318
BTC,4/19/2016,428.522
BTC,4/20/2016,435.926
BTC,4/21/2016,443.758
BTC,4/22/2016,446.776
BTC,4/23/2016,447.233
BTC,4/24/2016,455.152
BTC,4/25/2016,458.626
BTC,4/26/2016,464.429
BTC,4/27/2016,466.064
BTC,4/28/2016,441.304
BTC,4/29/2016,446.236
BTC,4/30/2016,454.375
BTC,5/1/2016,449.108
BTC,5/2/2016,453.067
BTC,5/3/2016,443.681
BTC,5/4/2016,449.157
BTC,5/5/2016,447.73999
BTC,5/6/2016,447.58599
BTC,5/7/2016,458.864
BTC,5/8/2016,459.937
BTC,5/9/2016,458.708
BTC,5/10/2016,460.954
BTC,5/11/2016,454.39399
BTC,5/12/2016,451.155
BTC,5/13/2016,453.701
BTC,5/14/2016,456.039
BTC,5/15/2016,456.093
BTC,5/16/2016,457.64099
BTC,5/17/2016,454.278
BTC,5/18/2016,454.064
BTC,5/19/2016,453.494
BTC,5/20/2016,440.231
BTC,5/21/2016,442.953
BTC,5/22/2016,442.892
BTC,5/23/2016,440.551
BTC,5/24/2016,444.489
BTC,5/25/2016,447.035
BTC,5/26/2016,448.278
BTC,5/27/2016,467.262
BTC,5/28/2016,489.847
BTC,5/29/2016,516.051
BTC,5/30/2016,529.917
BTC,5/31/2016,537.23299
BTC,6/1/2016,528.04999
BTC,6/2/2016,538.568
BTC,6/3/2016,537.185
BTC,6/4/2016,571.139
BTC,6/5/2016,579.343
BTC,6/6/2016,578.84899
BTC,6/7/2016,585.399
BTC,6/8/2016,576.226
BTC,6/9/2016,580.43599
BTC,6/10/2016,574.953
BTC,6/11/2016,583.87
BTC,6/12/2016,633.205
BTC,6/13/2016,682.226
BTC,6/14/2016,695.155
BTC,6/15/2016,685.442
BTC,6/16/2016,732.357
BTC,6/17/2016,773.25
BTC,6/18/2016,736.386
BTC,6/19/2016,747.831
BTC,6/20/2016,758.903
BTC,6/21/2016,702.696
BTC,6/22/2016,657.013
BTC,6/23/2016,581.249
BTC,6/24/2016,657.08999
BTC,6/25/2016,687.168
BTC,6/26/2016,657.22399
BTC,6/27/2016,644.091
BTC,6/28/2016,655.94399
BTC,6/29/2016,634.357
BTC,6/30/2016,635.093
BTC,7/1/2016,683.293
BTC,7/2/2016,678.567
BTC,7/3/2016,690.179
BTC,7/4/2016,670.741
BTC,7/5/2016,679.351
BTC,7/6/2016,676.872
BTC,7/7/2016,671.814
BTC,7/8/2016,640.476
BTC,7/9/2016,654.85299
BTC,7/10/2016,649.356
BTC,7/11/2016,656.747
BTC,7/12/2016,648.136
BTC,7/13/2016,663.443
BTC,7/14/2016,654.018
BTC,7/15/2016,663.638
BTC,7/16/2016,666.56499
BTC,7/17/2016,665.113
BTC,7/18/2016,681.239
BTC,7/19/2016,673.832
BTC,7/20/2016,673.008
BTC,7/21/2016,662.034
BTC,7/22/2016,666.747
BTC,7/23/2016,654.725
BTC,7/24/2016,654.895
BTC,7/25/2016,660.284
BTC,7/26/2016,655.418
BTC,7/27/2016,650.82899
BTC,7/28/2016,656.91599
BTC,7/29/2016,655.427
BTC,7/30/2016,656.681
BTC,7/31/2016,635.588
BTC,8/1/2016,621.37299
BTC,8/2/2016,601.227
BTC,8/3/2016,555.926
BTC,8/4/2016,578.52374
BTC,8/5/2016,570.33875
BTC,8/6/2016,574.87375
BTC,8/7/2016,588.51625
BTC,8/8/2016,589.66125
BTC,8/9/2016,586.715
BTC,8/10/2016,585.23875
BTC,8/11/2016,594.81625
BTC,8/12/2016,581.9625
BTC,8/13/2016,584.87375
BTC,8/14/2016,581.65
BTC,8/15/2016,571.9625
BTC,8/16/2016,567.60749
BTC,8/17/2016,575.54125
BTC,8/18/2016,572.37249
BTC,8/19/2016,573.01625
BTC,8/20/2016,573.08
BTC,8/21/2016,581.35375
BTC,8/22/2016,579.6675
BTC,8/23/2016,585.5075
BTC,8/24/2016,577.98749
BTC,8/25/2016,574.5825
BTC,8/26/2016,575.0625
BTC,8/27/2016,575.3425
BTC,8/28/2016,568.78875
BTC,8/29/2016,574.49749
BTC,8/30/2016,571.94125
BTC,8/31/2016,573.78125
BTC,9/1/2016,572.96
BTC,9/2/2016,570.1
BTC,9/3/2016,572.52125
BTC,9/4/2016,596.45375
BTC,9/5/2016,606.0525
BTC,9/6/2016,604.465
BTC,9/7/2016,609.4325
BTC,9/8/2016,613.67499
BTC,9/9/2016,623.6
BTC,9/10/2016,620.59875
BTC,9/11/2016,622.03375
BTC,9/12/2016,604.8275
BTC,9/13/2016,607.03625
BTC,9/14/2016,606.885
BTC,9/15/2016,606.8975
BTC,9/16/2016,605.52125
BTC,9/17/2016,606.04625
BTC,9/18/2016,605.08
BTC,9/19/2016,609.37249
BTC,9/20/2016,606.7175
BTC,9/21/2016,595.93375
BTC,9/22/2016,596.225
BTC,9/23/2016,595.0175
BTC,9/24/2016,602.4075
BTC,9/25/2016,601.36875
BTC,9/26/2016,598.9075
BTC,9/27/2016,605.0175
BTC,9/28/2016,602.885
BTC,9/29/2016,603.58124
BTC,9/30/2016,604.52125
BTC,10/1/2016,610.58375
BTC,10/2/2016,613.23749
BTC,10/3/2016,611.88874
BTC,10/4/2016,609.495
BTC,10/5/2016,608.125
BTC,10/6/2016,610.57
BTC,10/7/2016,610.23375
BTC,10/8/2016,617.445
BTC,10/9/2016,614.59625
BTC,10/10/2016,615.91625
BTC,10/11/2016,618.3275
BTC,10/12/2016,637.21624
BTC,10/13/2016,637.73625
BTC,10/14/2016,635.88375
BTC,10/15/2016,638.975
BTC,10/16/2016,638.605
BTC,10/17/2016,636.635
BTC,10/18/2016,637.01625
BTC,10/19/2016,634.605
BTC,10/20/2016,626.36875
BTC,10/21/2016,629.61249
BTC,10/22/2016,630.61875
BTC,10/23/2016,650.895
BTC,10/24/2016,647.69375
BTC,10/25/2016,652.235
BTC,10/26/2016,657.05625
BTC,10/27/2016,684.3775
BTC,10/28/2016,684.2975
BTC,10/29/2016,700.135
BTC,10/30/2016,704.91
BTC,10/31/2016,693.89625
BTC,11/1/2016,708.955
BTC,11/2/2016,725.6925
BTC,11/3/2016,741.84875
BTC,11/4/2016,701.21875
BTC,11/5/2016,702.175
BTC,11/6/2016,705.47875
BTC,11/7/2016,705.47125
BTC,11/8/2016,706.13375
BTC,11/9/2016,728.36125
BTC,11/10/2016,719.2525
BTC,11/11/2016,714.57125
BTC,11/12/2016,715.7725
BTC,11/13/2016,694.72125
BTC,11/14/2016,704.62125
BTC,11/15/2016,711.39625
BTC,11/16/2016,710.9275
BTC,11/17/2016,745.92625
BTC,11/18/2016,738.665
BTC,11/19/2016,748.8075
BTC,11/20/2016,752.5525
BTC,11/21/2016,730.365
BTC,11/22/2016,734.84
BTC,11/23/2016,745.97875
BTC,11/24/2016,739.81875
BTC,11/25/2016,730.3125
BTC,11/26/2016,737.4025
BTC,11/27/2016,727.445
BTC,11/28/2016,731.9
BTC,11/29/2016,731.12625
BTC,11/30/2016,731.64
BTC,12/1/2016,744.1025
BTC,12/2/2016,766.5925
BTC,12/3/2016,769.915
BTC,12/4/2016,764.3575
BTC,12/5/2016,760.1
BTC,12/6/2016,754.82625
BTC,12/7/2016,758.35375
BTC,12/8/2016,763.23625
BTC,12/9/2016,766.8725
BTC,12/10/2016,773.2825
BTC,12/11/2016,765.9525
BTC,12/12/2016,769.8275
BTC,12/13/2016,774.38625
BTC,12/14/2016,778.35625
BTC,12/15/2016,776.9825
BTC,12/16/2016,776.415
BTC,12/17/2016,786.9725
BTC,12/18/2016,789.24625
BTC,12/19/2016,791
BTC,12/20/2016,789.2325
BTC,12/21/2016,805.79625
BTC,12/22/2016,842.63875
BTC,12/23/2016,910.9325
BTC,12/24/2016,910.2475
BTC,12/25/2016,870.13125
BTC,12/26/2016,905.45625
BTC,12/27/2016,900.36625
BTC,12/28/2016,948.89875
BTC,12/29/2016,971.645
BTC,12/30/2016,954.84375
BTC,12/31/2016,952.455
BTC,1/1/2017,964.325
BTC,1/2/2017,1009.97375
BTC,1/3/2017,1028.33375
BTC,1/4/2017,1047.09999
BTC,1/5/2017,1140.385
BTC,1/6/2017,985.93875
BTC,1/7/2017,837.83625
BTC,1/8/2017,923.52375
BTC,1/9/2017,889.33875
BTC,1/10/2017,905.22625
BTC,1/11/2017,910.60625
BTC,1/12/2017,772.66125
BTC,1/13/2017,784.89375
BTC,1/14/2017,820.68875
BTC,1/15/2017,821.19625
BTC,1/16/2017,830.74
BTC,1/17/2017,848.58125
BTC,1/18/2017,890.29375
BTC,1/19/2017,888.0625
BTC,1/20/2017,896.16375
BTC,1/21/2017,920.58875
BTC,1/22/2017,934.7775
BTC,1/23/2017,920.365
BTC,1/24/2017,912.2125
BTC,1/25/2017,898.55
BTC,1/26/2017,901.05
BTC,1/27/2017,912.84375
BTC,1/28/2017,919.795
BTC,1/29/2017,920.82875
BTC,1/30/2017,916.91125
BTC,1/31/2017,921.35125
BTC,2/1/2017,973.065
BTC,2/2/2017,982.8275
BTC,2/3/2017,1020.09
BTC,2/4/2017,1011.215
BTC,2/5/2017,1029.40124
BTC,2/6/2017,1019.3125
BTC,2/7/2017,1029.40875
BTC,2/8/2017,1067.70875
BTC,2/9/2017,1072.205
BTC,2/10/2017,974.95875
BTC,2/11/2017,997.2275
BTC,2/12/2017,1004.71375
BTC,2/13/2017,1004.85375
BTC,2/14/2017,994.58
BTC,2/15/2017,1003.59
BTC,2/16/2017,1018.41125
BTC,2/17/2017,1038.86625
BTC,2/18/2017,1058.315
BTC,2/19/2017,1052.84375
BTC,2/20/2017,1046.66249
BTC,2/21/2017,1079.5825
BTC,2/22/2017,1112.86375
BTC,2/23/2017,1122.515
BTC,2/24/2017,1193.501
BTC,2/25/2017,1182.429
BTC,2/26/2017,1139.848
BTC,2/27/2017,1189.366
BTC,2/28/2017,1189.94699
BTC,3/1/2017,1193.611
BTC,3/2/2017,1221.05
BTC,3/3/2017,1269.776
BTC,3/4/2017,1285.376
BTC,3/5/2017,1260.668
BTC,3/6/2017,1273.24699
BTC,3/7/2017,1280.30499
BTC,3/8/2017,1206.357
BTC,3/9/2017,1153.06
BTC,3/10/2017,1200.557
BTC,3/11/2017,1147.625
BTC,3/12/2017,1186.351
BTC,3/13/2017,1235.553
BTC,3/14/2017,1242.806
BTC,3/15/2017,1245.892
BTC,3/16/2017,1247.67099
BTC,3/17/2017,1126.08199
BTC,3/18/2017,1062.07
BTC,3/19/2017,1000.24599
BTC,3/20/2017,1036.226
BTC,3/21/2017,1065.481
BTC,3/22/2017,1091.333
BTC,3/23/2017,1036.099
BTC,3/24/2017,1013.844
BTC,3/25/2017,921.808
BTC,3/26/2017,962.508
BTC,3/27/2017,968.293
BTC,3/28/2017,1035.32199
BTC,3/29/2017,1011.969
BTC,3/30/2017,1041.374
BTC,3/31/2017,1048.86299
BTC,4/1/2017,1077.557
BTC,4/2/2017,1082.37
BTC,4/3/2017,1140.037
BTC,4/4/2017,1148.092
BTC,4/5/2017,1139.86
BTC,4/6/2017,1150.685
BTC,4/7/2017,1177.284
BTC,4/8/2017,1196.896
BTC,4/9/2017,1187.03299
BTC,4/10/2017,1213.801
BTC,4/11/2017,1206.74
BTC,4/12/2017,1226.896
BTC,4/13/2017,1216.269
BTC,4/14/2017,1187.136
BTC,4/15/2017,1186.10899
BTC,4/16/2017,1189.55
BTC,4/17/2017,1184.2
BTC,4/18/2017,1211.73799
BTC,4/19/2017,1218.666
BTC,4/20/2017,1227.981
BTC,4/21/2017,1261.702
BTC,4/22/2017,1255.25125
BTC,4/23/2017,1232.7575
BTC,4/24/2017,1243.43
BTC,4/25/2017,1251.5775
BTC,4/26/2017,1269.69625
BTC,4/27/2017,1289.7475
BTC,4/28/2017,1335.825
BTC,4/29/2017,1319.7
BTC,4/30/2017,1311.58874
BTC,5/1/2017,1370.79
BTC,5/2/2017,1416.61
BTC,5/3/2017,1448.88625
BTC,5/4/2017,1506.7725
BTC,5/5/2017,1543.31
BTC,5/6/2017,1536.1525
BTC,5/7/2017,1554.6025
BTC,5/8/2017,1564.065
BTC,5/9/2017,1644.72875
BTC,5/10/2017,1695.83125
BTC,5/11/2017,1748.35375
BTC,5/12/2017,1774.52
BTC,5/13/2017,1634.6075
BTC,5/14/2017,1774.805
BTC,5/15/2017,1747.04375
BTC,5/16/2017,1665.0325
BTC,5/17/2017,1744.44125
BTC,5/18/2017,1796.89625
BTC,5/19/2017,1913.13875
BTC,5/20/2017,1983.97875
BTC,5/21/2017,2074.69625
BTC,5/22/2017,2114.98875
BTC,5/23/2017,2196.66874
BTC,5/24/2017,2348.55249
BTC,5/25/2017,2581.85375
BTC,5/26/2017,2460.95375
BTC,5/27/2017,2232.2875
BTC,5/28/2017,2234.83374
BTC,5/29/2017,2195.785
BTC,5/30/2017,2315.73625
BTC,5/31/2017,2170.98124
BTC,6/1/2017,2402.125
BTC,6/2/2017,2477.1725
BTC,6/3/2017,2475.2975
BTC,6/4/2017,2526.31125
BTC,6/5/2017,2605.125
BTC,6/6/2017,2855.03
BTC,6/7/2017,2900.8525
BTC,6/8/2017,2737.9025
BTC,6/9/2017,2826.03875
BTC,6/10/2017,2846.00625
BTC,6/11/2017,2910.33625
BTC,6/12/2017,3007.0125
BTC,6/13/2017,2697.0775
BTC,6/14/2017,2780.1825
BTC,6/15/2017,2518.54875
BTC,6/16/2017,2438.61749
BTC,6/17/2017,2520.78375
BTC,6/18/2017,2680.1025
BTC,6/19/2017,2611.67999
BTC,6/20/2017,2667.5475
BTC,6/21/2017,2805.0975
BTC,6/22/2017,2702.00375
BTC,6/23/2017,2763.29125
BTC,6/24/2017,2740.5925
BTC,6/25/2017,2598.15875
BTC,6/26/2017,2630.59499
BTC,6/27/2017,2513.42999
BTC,6/28/2017,2556.1675
BTC,6/29/2017,2591.2675
BTC,6/30/2017,2547.3225
BTC,7/1/2017,2479.05499
BTC,7/2/2017,2424.69875
BTC,7/3/2017,2513.74125
BTC,7/4/2017,2640.06125
BTC,7/5/2017,2588.67875
BTC,7/6/2017,2634.17375
BTC,7/7/2017,2598.57
BTC,7/8/2017,2514.3625
BTC,7/9/2017,2586.0425
BTC,7/10/2017,2524.12624
BTC,7/11/2017,2352.265
BTC,7/12/2017,2292.91375
BTC,7/13/2017,2437.55375
BTC,7/14/2017,2337.67875
BTC,7/15/2017,2109.37375
BTC,7/16/2017,2045.5725
BTC,7/17/2017,1986.9425
BTC,7/18/2017,2189.23999
BTC,7/19/2017,2354.8925
BTC,7/20/2017,2349.355
BTC,7/21/2017,2740.56875
BTC,7/22/2017,2738.775
BTC,7/23/2017,2831.67875
BTC,7/24/2017,2772.3675
BTC,7/25/2017,2768.8025
BTC,7/26/2017,2540.20874
BTC,7/27/2017,2570.195
BTC,7/28/2017,2699.72125
BTC,7/29/2017,2719.69
BTC,7/30/2017,2714.70375
BTC,7/31/2017,2718.6175
BTC,8/1/2017,2867.65375
BTC,8/2/2017,2739.70875
BTC,8/3/2017,2740.07125
BTC,8/4/2017,2811.71
BTC,8/5/2017,3123.41125
BTC,8/6/2017,3254.71
BTC,8/7/2017,3274.6375
BTC,8/8/2017,3474.7625
BTC,8/9/2017,3416.185
BTC,8/10/2017,3364.41125
BTC,8/11/2017,3451.8525
BTC,8/12/2017,3705.43
BTC,8/13/2017,4104.015
BTC,8/14/2017,4036.7575
BTC,8/15/2017,4462.67625
BTC,8/16/2017,4118.9025
BTC,8/17/2017,4322.42125
BTC,8/18/2017,4311.685
BTC,8/19/2017,4180.23875
BTC,8/20/2017,4139.38125
BTC,8/21/2017,4110.94125
BTC,8/22/2017,3911.27625
BTC,8/23/2017,4162.79249
BTC,8/24/2017,4178.75625
BTC,8/25/2017,4396.03125
BTC,8/26/2017,4359.9025
BTC,8/27/2017,4381.39625
BTC,8/28/2017,4340.46
BTC,8/29/2017,4442.6575
BTC,8/30/2017,4664.64375
BTC,8/31/2017,4676.1425
BTC,9/1/2017,4783.17
BTC,9/2/2017,4864.285
BTC,9/3/2017,4672.56875
BTC,9/4/2017,4593.1825
BTC,9/5/2017,4160.535
BTC,9/6/2017,4517.57
BTC,9/7/2017,4543.1025
BTC,9/8/2017,4628.6025
BTC,9/9/2017,4280.975
BTC,9/10/2017,4194.21875
BTC,9/11/2017,4307.82625
BTC,9/12/2017,4295.76124
BTC,9/13/2017,3944.58375
BTC,9/14/2017,3817.0575
BTC,9/15/2017,3358.10875
BTC,9/16/2017,3772.68375
BTC,9/17/2017,3608.595
BTC,9/18/2017,3764.6175
BTC,9/19/2017,3976.3875
BTC,9/20/2017,3863.18625
BTC,9/21/2017,3827.685
BTC,9/22/2017,3690.99125
BTC,9/23/2017,3612.1625
BTC,9/24/2017,3772.8475
BTC,9/25/2017,3753.435
BTC,9/26/2017,3920.99125
BTC,9/27/2017,3939.515
BTC,9/28/2017,4220.28
BTC,9/29/2017,4062.20375
BTC,9/30/2017,4207.825
BTC,10/1/2017,4300.55125
BTC,10/2/2017,4414.1775
BTC,10/3/2017,4424.4725
BTC,10/4/2017,4307.555
BTC,10/5/2017,4186.78374
BTC,10/6/2017,4325.23625
BTC,10/7/2017,4370.16875
BTC,10/8/2017,4446.17249
BTC,10/9/2017,4624.34875
BTC,10/10/2017,4789.30125
BTC,10/11/2017,4741.70875
BTC,10/12/2017,4858.60499
BTC,10/13/2017,5728.5475
BTC,10/14/2017,5666.97875
BTC,10/15/2017,5779.07375
BTC,10/16/2017,5607.01
BTC,10/17/2017,5643.55375
BTC,10/18/2017,5495.03875
BTC,10/19/2017,5627.08625
BTC,10/20/2017,5686.52625
BTC,10/21/2017,6098.115
BTC,10/22/2017,5949.07875
BTC,10/23/2017,5969.795
BTC,10/24/2017,5649.005
BTC,10/25/2017,5550.85875
BTC,10/26/2017,5776.87875
BTC,10/27/2017,5923.70625
BTC,10/28/2017,5737.1025
BTC,10/29/2017,5741.7225
BTC,10/30/2017,6151.325
BTC,10/31/2017,6130.56375
BTC,11/1/2017,6424.515
BTC,11/2/2017,6879.365
BTC,11/3/2017,7199.2375
BTC,11/4/2017,7210.46875
BTC,11/5/2017,7376.7425
BTC,11/6/2017,7231.93
BTC,11/7/2017,7123.89375
BTC,11/8/2017,7356.50625
BTC,11/9/2017,7342.82375
BTC,11/10/2017,7250.77
BTC,11/11/2017,6773.695
BTC,11/12/2017,6075.30125
BTC,11/13/2017,5969.13
BTC,11/14/2017,6666.27125
BTC,11/15/2017,6867.42625
BTC,11/16/2017,7259.3
BTC,11/17/2017,7924.1825
BTC,11/18/2017,7598.2775
BTC,11/19/2017,7787.45625
BTC,11/20/2017,7954.7675
BTC,11/21/2017,7879.06
BTC,11/22/2017,8150.6325
BTC,11/23/2017,8208.75375
BTC,11/24/2017,8094.445
BTC,11/25/2017,8190.87125
BTC,11/26/2017,8851.305
BTC,11/27/2017,9573.9675
BTC,11/28/2017,9713.09625
BTC,11/29/2017,10295.6225
BTC,11/30/2017,10542.6625
BTC,12/1/2017,9706.10375
BTC,12/2/2017,10923.20125
BTC,12/3/2017,10973.54375
BTC,12/4/2017,11382.20875
BTC,12/5/2017,11597.23125
BTC,12/6/2017,12230.365
BTC,12/7/2017,13734.52
BTC,12/8/2017,16403.42125
BTC,12/9/2017,15732.1
BTC,12/10/2017,13152.52875
BTC,12/11/2017,16299.2975
BTC,12/12/2017,16374.8975
BTC,12/13/2017,16678.28749
BTC,12/14/2017,16246.13875
BTC,12/15/2017,17221.65125
BTC,12/16/2017,17436.5975
BTC,12/17/2017,19166.97874
BTC,12/18/2017,18640.2625
BTC,12/19/2017,18984.7675
BTC,12/20/2017,16862.57125
BTC,12/21/2017,16925.0175
BTC,12/22/2017,14182.46499
BTC,12/23/2017,14694.5825
BTC,12/24/2017,14103.21875
BTC,12/25/2017,13387.34875
BTC,12/26/2017,14652.3675
BTC,12/27/2017,15846.07375
BTC,12/28/2017,14362.40375
BTC,12/29/2017,14867.5725
BTC,12/30/2017,13643.695
BTC,12/31/2017,13062.145
BTC,1/1/2018,13439.4175
BTC,1/2/2018,13337.62125
BTC,1/3/2018,14881.545
BTC,1/4/2018,15104.45
BTC,1/5/2018,14953.8525
BTC,1/6/2018,16576.69625
BTC,1/7/2018,16735.10625
BTC,1/8/2018,15632.41125
BTC,1/9/2018,15242.93625
BTC,1/10/2018,14122.825
BTC,1/11/2018,13269.5975
BTC,1/12/2018,13633.36375
BTC,1/13/2018,14165.90625
BTC,1/14/2018,14217.3625
BTC,1/15/2018,13519.92625
BTC,1/16/2018,12915.11625
BTC,1/17/2018,10870.16875
BTC,1/18/2018,11340.65
BTC,1/19/2018,11137.36875
BTC,1/20/2018,11742.94125
BTC,1/21/2018,12486.06625
BTC,1/22/2018,11508.62
BTC,1/23/2018,10872.9025
BTC,1/24/2018,10830.9275
BTC,1/25/2018,11629.375
BTC,1/26/2018,11524.345
BTC,1/27/2018,11005.615
BTC,1/28/2018,11452.23
BTC,1/29/2018,11412.79375
BTC,1/30/2018,10917.15125
BTC,1/31/2018,9914.4725
BTC,2/1/2018,9970.30875
BTC,2/2/2018,8715.59499
BTC,2/3/2018,8285.50124
BTC,2/4/2018,9192.045
BTC,2/5/2018,8136.39
BTC,2/6/2018,6332.37
BTC,2/7/2018,7270.5075
BTC,2/8/2018,7987.28125
BTC,2/9/2018,8086.7725
BTC,2/10/2018,8930.13875
BTC,2/11/2018,8045.44
BTC,2/12/2018,8478.92499
BTC,2/13/2018,8766.8525
BTC,2/14/2018,8693.2525
BTC,2/15/2018,9659.2875
BTC,2/16/2018,10110.83875
BTC,2/17/2018,10474.77125
BTC,2/18/2018,10855.9375
BTC,2/19/2018,10537.00625
BTC,2/20/2018,11416.03875
BTC,2/21/2018,10928.02
BTC,2/22/2018,10727.9525
BTC,2/23/2018,9809.72125
BTC,2/24/2018,10412.36875
BTC,2/25/2018,9585.285
BTC,2/26/2018,9627.71625
BTC,2/27/2018,10272.9025
BTC,2/28/2018,10903.01875
BTC,3/1/2018,10352.04625
BTC,3/2/2018,11100.2925
BTC,3/3/2018,11305.1225
BTC,3/4/2018,11171.8175
BTC,3/5/2018,11558.475
BTC,3/6/2018,11246.7475
BTC,3/7/2018,10735.88625
BTC,3/8/2018,9552.75875
BTC,3/9/2018,8980.19249
BTC,3/10/2018,9251.2925
BTC,3/11/2018,8680.6075
BTC,3/12/2018,9433.47374
BTC,3/13/2018,9047.5125
BTC,3/14/2018,9260.70875
BTC,3/15/2018,7895.98875
BTC,3/16/2018,8039.6025
BTC,3/17/2018,8206.555
BTC,3/18/2018,7667.99
BTC,3/19/2018,8189.49125
BTC,3/20/2018,8597.3375
BTC,3/21/2018,9028.2975
BTC,3/22/2018,9023.7175
BTC,3/23/2018,8411.6525
BTC,3/24/2018,8881.98625
BTC,3/25/2018,8548.8125
BTC,3/26/2018,8429.33124
BTC,3/27/2018,7854.6375
BTC,3/28/2018,7863.255
BTC,3/29/2018,7866.36
BTC,3/30/2018,6861.325
BTC,3/31/2018,6970.36375
BTC,4/1/2018,6926.875
BTC,4/2/2018,6986.835
BTC,4/3/2018,7182.12
BTC,4/4/2018,7295.89
BTC,4/5/2018,6769.48375
BTC,4/6/2018,6766.5925
BTC,4/7/2018,6854.92125
BTC,4/8/2018,6964.4325
BTC,4/9/2018,7125.53875
BTC,4/10/2018,6789.2675
BTC,4/11/2018,6824.49375
BTC,4/12/2018,6941.63875
BTC,4/13/2018,7823.55875
BTC,4/14/2018,8040.88125
BTC,4/15/2018,8083.57375
BTC,4/16/2018,8160.4125
BTC,4/17/2018,8030.57
BTC,4/18/2018,7937.61
BTC,4/19/2018,8188.71875
BTC,4/20/2018,8333.81374
BTC,4/21/2018,8866.67
BTC,4/22/2018,8830.05875
BTC,4/23/2018,8868.16124
BTC,4/24/2018,9191.82
BTC,4/25/2018,9373.3025
BTC,4/26/2018,8807.515
BTC,4/27/2018,9153.64125
BTC,4/28/2018,9144.38375
BTC,4/29/2018,9444.1425
BTC,4/30/2018,9268.7175
BTC,5/1/2018,8949.87624
BTC,5/2/2018,9029.47875
BTC,5/3/2018,9228.8525
BTC,5/4/2018,9572.69875
BTC,5/5/2018,9817.5975
BTC,5/6/2018,9845.54375
BTC,5/7/2018,9326.76125
BTC,5/8/2018,9424.99124
BTC,5/9/2018,9039.02875
BTC,5/10/2018,9327.04999
BTC,5/11/2018,8920.25625
BTC,5/12/2018,8408.35875
BTC,5/13/2018,8442.23875
BTC,5/14/2018,8398.86249
BTC,5/15/2018,8711.38875
BTC,5/16/2018,8159.25625
BTC,5/17/2018,8360.22875
BTC,5/18/2018,7996.82125
BTC,5/19/2018,8237.3425
BTC,5/20/2018,8250.395
BTC,5/21/2018,8493.13125
BTC,5/22/2018,8324.025
BTC,5/23/2018,7951.51375
BTC,5/24/2018,7614.96375
BTC,5/25/2018,7599.9525
BTC,5/26/2018,7436.835
BTC,5/27/2018,7296.79625
BTC,5/28/2018,7383.2175
BTC,5/29/2018,7118.42375
BTC,5/30/2018,7491.61125
BTC,5/31/2018,7363.27625
BTC,6/1/2018,7490.62125
BTC,6/2/2018,7518.333329
BTC,6/3/2018,7630.403388
BTC,6/4/2018,7505.589277
BTC,6/5/2018,7624.187971
BTC,6/7/2018,7658.57
BTC,6/8/2018,7684.93
BTC,6/9/2018,7618.11
BTC,6/10/2018,7495.1
BTC,6/11/2018,6770.31
BTC,6/12/2018,6780.340803
BTC,6/13/2018,6321.655965
BTC,6/15/2018,6601.324158
BTC,6/16/2018,6397.44117
BTC,6/17/2018,6529.544015
BTC,6/18/2018,6482.868697
BTC,6/19/2018,6711.64967
BTC,6/20/2018,6731.710147
BTC,6/21/2018,6729.925937
BTC,6/23/2018,6099.445277
BTC,6/24/2018,6198.700824
BTC,6/25/2018,6142.39257
BTC,6/26/2018,6244.328455
BTC,6/27/2018,6148.422705
BTC,6/28/2018,6140.1915
BTC,6/29/2018,5954.526582
BTC,6/30/2018,6189.309252
BTC,7/1/2018,6373.277854
BTC,7/3/2018,6629.749595
BTC,7/4/2018,6589.632793
BTC,7/6/2018,6538.682432
BTC,7/7/2018,6570.427592
BTC,7/8/2018,6744.988679
BTC,7/9/2018,6694.530851
BTC,7/11/2018,6360.446668
BTC,7/13/2018,6144.810118
BTC,7/14/2018,6254.678129
BTC,7/16/2018,6671.625919
BTC,7/18/2018,7315.55104
BTC,7/19/2018,7484.63967
BTC,7/21/2018,7357.445677
BTC,7/22/2018,7424.734238
BTC,7/23/2018,7411.200525
BTC,7/24/2018,7730.24748
BTC,7/25/2018,8325.801534
BTC,7/26/2018,8271.59792
BTC,7/27/2018,7925.247396
BTC,7/28/2018,8184.695535
BTC,7/30/2018,8166.38836
BTC,8/1/2018,7700.834129
BTC,8/2/2018,7588.58618
BTC,8/3/2018,7423.074378
BTC,8/5/2018,7396.041122
BTC,8/6/2018,7402.336634
BTC,8/8/2018,6748.441484
BTC,8/9/2018,6460.153155
BTC,8/10/2018,6482.973449
BTC,8/11/2018,6092.533104
BTC,8/12/2018,6338.738957
BTC,8/13/2018,6260.192995
BTC,8/14/2018,6123.447601
BTC,8/15/2018,6332.6069
BTC,8/17/2018,6273.88807
BTC,8/18/2018,6396.946369
BTC,8/19/2018,6516.668382
BTC,8/20/2018,6299.395333
BTC,8/22/2018,6355.881809
BTC,8/23/2018,6503.832362
BTC,8/24/2018,6675.360683
BTC,8/25/2018,6725.032327
BTC,8/26/2018,6689.822683
BTC,8/28/2018,7084.293617
BTC,8/29/2018,7059.231235
BTC,8/31/2018,7028.447312
BTC,9/1/2018,7198.058436
BTC,9/2/2018,7282.858514
BTC,9/3/2018,7260.251593
BTC,9/4/2018,7361.271864
BTC,9/5/2018,6913.115013
BTC,9/7/2018,6400.268706
BTC,9/8/2018,6181.744207
BTC,9/9/2018,6253.937201
BTC,9/11/2018,6275.083132
BTC,9/12/2018,6275.669588
BTC,9/13/2018,6283.1842
BTC,9/15/2018,6285.982466
BTC,9/16/2018,6281.409356
BTC,9/18/2018,6273.220083
BTC,9/19/2018,6282.610727
BTC,9/21/2018,6288.07017
BTC,9/22/2018,6317.699685
BTC,9/23/2018,6293.836421
BTC,9/24/2018,6289.621327
BTC,9/25/2018,6466.994564
BTC,9/26/2018,6391.385981
BTC,9/27/2018,6509.776621
BTC,9/28/2018,6698.416047
BTC,9/29/2018,6502.688151
BTC,9/30/2018,6576.61432
BTC,10/1/2018,6647.387947
BTC,10/2/2018,6603.754342
BTC,10/3/2018,6481.24577
BTC,10/4/2018,6594.935786
BTC,10/6/2018,6595.260326
BTC,10/8/2018,6662.8685
BTC,10/9/2018,6663.021071
BTC,10/11/2018,6619.495845
BTC,10/12/2018,6285.859203
BTC,10/13/2018,6309.198921
BTC,10/14/2018,6361.417016
BTC,10/15/2018,6721.587503
BTC,10/17/2018,6724.833078
BTC,10/18/2018,6374.648863
BTC,10/20/2018,6407.479085
BTC,10/22/2018,6412.530491
BTC,10/23/2018,6396.880154
BTC,10/24/2018,6407.667175
BTC,10/25/2018,6405.500726
BTC,10/27/2018,6392.179337
BTC,10/28/2018,6429.687141
BTC,10/29/2018,6266.189683
BTC,10/30/2018,6276.4645
BTC,10/31/2018,6321.713671
BTC,11/1/2018,6341.094813
BTC,11/2/2018,6360.141272
BTC,11/3/2018,6344.738943
BTC,11/4/2018,6405.139755
BTC,11/5/2018,6396.352124
BTC,11/6/2018,6425.917802
BTC,11/7/2018,6514.489453
BTC,11/8/2018,6412.524289
BTC,11/9/2018,6343.632504
BTC,11/10/2018,6365.655232
BTC,11/11/2018,6327.480646
BTC,11/12/2018,6327.154696
BTC,11/13/2018,6282.438677
BTC,11/14/2018,5524.801093
BTC,11/15/2018,5511.152834
BTC,11/16/2018,5448.600634
BTC,11/17/2018,5497.411279
BTC,11/18/2018,5553.014895
BTC,11/19/2018,4800.342897
BTC,11/20/2018,4246.312774
BTC,11/21/2018,4478.299558
BTC,11/22/2018,4405.744031
BTC,11/23/2018,4329.91722
BTC,11/24/2018,3728.872648
BTC,11/25/2018,3951.205029
BTC,11/26/2018,3640.557165
BTC,11/27/2018,3792.192364
BTC,11/28/2018,4174.319972
BTC,11/29/2018,4218.608363
BTC,11/30/2018,3952.447895
BTC,12/1/2018,4178.603828
BTC,12/2/2018,4118.518242
BTC,12/3/2018,3847.032737
BTC,12/4/2018,3889.29212
BTC,12/5/2018,3713.573383
BTC,12/6/2018,3578.206624
BTC,12/7/2018,3391.874146
BTC,12/8/2018,3452.616185
BTC,12/9/2018,3507.306367
BTC,12/10/2018,3419.733768
BTC,12/11/2018,3360.946628
BTC,12/12/2018,3414.833749
BTC,12/13/2018,3263.547913
BTC,12/14/2018,3212.207081
BTC,12/15/2018,3194.962272
BTC,12/16/2018,3200.642468
BTC,12/17/2018,3478.461203
BTC,12/18/2018,3562.894946
BTC,12/19/2018,3709.316759
BTC,12/20/2018,4065.799953
BTC,12/21/2018,3824.739794
BTC,12/22/2018,3862.726329
BTC,12/23/2018,3949.794342
BTC,12/24/2018,4054.29626
BTC,12/25/2018,3767.350024
BTC,12/26/2018,3807.153022
BTC,12/27/2018,3587.198223
BTC,12/28/2018,3865.5293
BTC,12/29/2018,3725.48
BTC,12/30/2018,3832.4
BTC,12/31/2018,3689.56462
BTC,1/1/2019,3715.564441
BTC,1/2/2019,3882.304754
BTC,1/3/2019,3795.592741
BTC,1/4/2019,3812.381108
BTC,1/5/2019,3809.914343
BTC,1/6/2019,4014.133187
BTC,1/7/2019,3989.631741
BTC,1/8/2019,3992.986144
BTC,1/9/2019,3995.325193
BTC,1/10/2019,3617.346291
BTC,1/11/2019,3606.16489
BTC,1/12/2019,3611.528238
BTC,1/13/2019,3497.669392
BTC,1/14/2019,3654.347067
BTC,1/15/2019,3568.751259
BTC,1/16/2019,3593.72174
BTC,1/17/2019,3623.717337
BTC,1/18/2019,3605.855187
BTC,1/19/2019,3690.908564
BTC,1/20/2019,3544.221724
BTC,1/21/2019,3528.463529
BTC,1/22/2019,3581.551947
BTC,1/23/2019,3549.770799
BTC,1/24/2019,3562.920476
BTC,1/25/2019,3566.666164
BTC,1/26/2019,3563.27801
BTC,1/27/2019,3539.620947
BTC,1/28/2019,3425.262161
BTC,1/29/2019,3395.018645
BTC,1/30/2019,3441.032215
BTC,1/31/2019,3420.633227
BTC,2/1/2019,3439.805699
BTC,2/2/2019,3433.035285
BTC,2/3/2019,3404.499313
BTC,2/4/2019,3412.230431
BTC,2/5/2019,3419.767899
BTC,2/6/2019,3367.519032
BTC,2/7/2019,3360.534076
BTC,2/8/2019,3591.022152
BTC,2/9/2019,3617.46468
BTC,2/10/2019,3621.154003
BTC,2/11/2019,3593.183177
BTC,2/12/2019,3579.341881
BTC,2/13/2019,3569.554833
BTC,2/14/2019,3558.396858
BTC,2/15/2019,3566.247765
BTC,2/16/2019,3596.405191
BTC,2/17/2019,3606.151988
BTC,2/18/2019,3865.318165
BTC,2/19/2019,3904.48292
BTC,2/20/2019,3924.739844
BTC,2/21/2019,3889.758485
BTC,2/22/2019,3933.60759
BTC,2/23/2019,4105.112759
BTC,2/24/2019,3763.620516
BTC,2/25/2019,3819.865341
BTC,2/26/2019,3797.58179
BTC,2/27/2019,3772.936335
BTC,2/28/2019,3799.678543
BTC,3/1/2019,3811.611979
BTC,3/2/2019,3804.41917
BTC,3/3/2019,3782.664101
BTC,3/4/2019,3689.862893
BTC,3/5/2019,3832.080885
BTC,3/6/2019,3848.95637
BTC,3/7/2019,3859.839983
BTC,3/8/2019,3828.371904
BTC,3/9/2019,3898.86846
BTC,3/10/2019,3899.655869
BTC,3/11/2019,3851.24919
BTC,3/12/2019,3866.295946
BTC,3/13/2019,3846.274442
BTC,3/14/2019,3855.744363
BTC,3/15/2019,3892.052301
BTC,3/16/2019,3985.851236
BTC,3/17/2019,3970.389045
BTC,3/18/2019,3974.415764
BTC,3/19/2019,3996.037131
BTC,3/20/2019,4027.787395
BTC,3/21/2019,3974.811429
BTC,3/22/2019,3987.305225
BTC,3/23/2019,3977.707443
BTC,3/24/2019,3968.438701
BTC,3/25/2019,3913.781717
BTC,3/26/2019,3915.37532
BTC,3/27/2019,4018.59051
BTC,3/28/2019,4008.370872
BTC,3/29/2019,4080.260114
BTC,3/30/2019,4081.221605
BTC,4/1/2019,4094.704791
BTC,4/2/2019,4135.18494
BTC,4/3/2019,4818.770635
BTC,4/4/2019,5102.150753
BTC,4/5/2019,4875.599431
BTC,4/6/2019,5030.933271
BTC,4/7/2019,5028.321082
BTC,4/8/2019,5198.17317
BTC,4/9/2019,5260.205043
BTC,4/10/2019,5179.997649
BTC,4/11/2019,5283.543758
BTC,4/12/2019,5049.605824
BTC,4/13/2019,5077.515864
BTC,4/14/2019,5066.86704
BTC,4/15/2019,5158.387401
BTC,4/16/2019,5045.675166
BTC,4/17/2019,5184.204468
BTC,4/18/2019,5220.959934
BTC,4/19/2019,5276.558982
BTC,4/20/2019,5266.661246
BTC,4/21/2019,5292.14833
BTC,4/22/2019,5276.558318
BTC,4/23/2019,5398.433417
BTC,4/24/2019,5552.521911
BTC,4/25/2019,5432.991017
BTC,4/26/2019,5132.227526
BTC,4/27/2019,5151.574528
BTC,4/28/2019,5200.193239
BTC,4/29/2019,5152.54574
BTC,4/30/2019,5151.4335
BTC,5/1/2019,5277.444469
BTC,5/2/2019,5297.942492
BTC,5/3/2019,5405.878067
BTC,5/4/2019,5697.679054
BTC,5/5/2019,5812.331779
BTC,5/6/2019,5713.035052
BTC,5/7/2019,5706.008421
BTC,5/8/2019,5899.529693
BTC,5/9/2019,5932.441391
BTC,5/10/2019,6159.685902
BTC,5/11/2019,6387.82945
BTC,5/12/2019,7254.805536
BTC,5/13/2019,6992.706661
BTC,5/14/2019,7906.940835
BTC,5/15/2019,7928.417416
BTC,5/16/2019,8177.453519
BTC,5/17/2019,7820.076243
BTC,5/18/2019,7243.650539
BTC,5/19/2019,7295.649729
BTC,5/20/2019,8221.259395
BTC,5/21/2019,7917.012499
BTC,5/22/2019,7961.128743
BTC,5/23/2019,7723.90388
BTC,5/24/2019,7903.84691
BTC,5/25/2019,8038.506791
BTC,5/26/2019,8089.570163
BTC,5/27/2019,8653.142368
BTC,5/28/2019,8800.346606
BTC,5/29/2019,8719.331485
BTC,5/30/2019,8672.400107
BTC,5/31/2019,8287.040256
BTC,6/1/2019,8513.203882
BTC,6/2/2019,8588.479505
BTC,6/3/2019,8744.265561
BTC,6/4/2019,8474.048229
BTC,6/5/2019,7645.572514
BTC,6/6/2019,7790.321135
BTC,6/7/2019,7730.881726
BTC,6/8/2019,8030.256079
BTC,6/9/2019,7949.425799
BTC,6/10/2019,7600.922492
BTC,6/11/2019,7954.006238
BTC,6/12/2019,7903.62525
BTC,6/13/2019,8151.78868
BTC,6/14/2019,8256.720099
BTC,6/15/2019,8667.787954
BTC,6/16/2019,8836.168413
BTC,6/17/2019,9061.540461
BTC,6/18/2019,9346.975087
BTC,6/19/2019,9012.48785
BTC,6/20/2019,9259.123638
BTC,6/21/2019,9559.900689
BTC,6/22/2019,9906.407965
BTC,6/23/2019,10461.41217
BTC,6/24/2019,10843.57097
BTC,6/25/2019,10996.45975
BTC,6/26/2019,11665.40968
BTC,6/27/2019,12444.92586
BTC,6/28/2019,11086.26883
BTC,6/29/2019,12316.95301
BTC,6/30/2019,12024.08097
BTC,7/1/2019,10932.31051
BTC,7/2/2019,10454.68382
BTC,7/3/2019,10800.13014
BTC,7/4/2019,11942.24022
BTC,7/5/2019,11645.52461
BTC,7/6/2019,10946.20905
BTC,7/7/2019,11219.046
BTC,7/8/2019,11422.11447
BTC,7/9/2019,12335.99939
BTC,7/10/2019,12575.90407
BTC,7/11/2019,12054.18379
BTC,7/12/2019,11324.1447
BTC,7/13/2019,11802.95996
BTC,7/14/2019,11279.60274
BTC,7/15/2019,10506.39583
BTC,7/16/2019,10934.48274
BTC,7/17/2019,9490.410516
BTC,7/18/2019,9733.132134
BTC,7/19/2019,10603.34887
BTC,7/20/2019,10466.26094
BTC,7/21/2019,10983.216
BTC,7/22/2019,10551.13163
BTC,7/23/2019,10285.63923
BTC,7/24/2019,10027.53261
BTC,7/25/2019,9771.504761
BTC,7/26/2019,9897.429352
BTC,7/27/2019,9812.226351
BTC,7/28/2019,9440.140037
BTC,7/29/2019,9495.855261
BTC,7/30/2019,9506.704273
BTC,7/31/2019,9572.735372
BTC,8/1/2019,10005.29447
BTC,8/2/2019,10385.20061
BTC,8/3/2019,10513.91147
BTC,8/4/2019,10831.25986
BTC,8/5/2019,10985.80754
BTC,8/6/2019,11811.78705
BTC,8/7/2019,11310.18722
BTC,8/8/2019,11956.04722
BTC,8/9/2019,11817.45548
BTC,8/10/2019,11827.57457
BTC,8/11/2019,11278.28125
BTC,8/12/2019,11485.36578
BTC,8/13/2019,11391.96865
BTC,8/14/2019,10869.37911
BTC,8/15/2019,10211.49858
BTC,8/16/2019,10386.53955
BTC,8/17/2019,10388.45059
BTC,8/18/2019,10212.10144
BTC,8/19/2019,10335.37284
BTC,8/20/2019,10774.81031
BTC,8/21/2019,10818.50701
BTC,8/22/2019,10064.91679
BTC,8/23/2019,10161.16475
BTC,8/24/2019,10364.28135
BTC,8/25/2019,10171.49746
BTC,8/26/2019,10068.92242
BTC,8/27/2019,10312.21504
BTC,8/28/2019,10122.19653
BTC,8/29/2019,9743.162051
BTC,8/30/2019,9487.976434
BTC,8/31/2019,9590.736337
BTC,9/1/2019,9624.983911
BTC,9/2/2019,9780.667897
BTC,9/3/2019,10381.85596
BTC,9/4/2019,10691.3113
BTC,9/5/2019,10555.0469
BTC,9/6/2019,10576.31789
BTC,9/7/2019,10334.02389
BTC,9/8/2019,10495.22736
BTC,9/9/2019,10402.79653
BTC,9/10/2019,10332.94219
BTC,9/11/2019,10082.94683
BTC,9/12/2019,10152.75298
BTC,9/13/2019,10396.7672
BTC,9/14/2019,10299.47696
BTC,9/15/2019,10351.23202
BTC,9/16/2019,10302.19071
BTC,9/17/2019,10301.65965
BTC,9/18/2019,10231.42151
BTC,9/19/2019,10168.28771
BTC,9/20/2019,10223.50558
BTC,9/21/2019,10138.33521
BTC,9/22/2019,9984.520516
BTC,9/23/2019,10031.86671
BTC,9/24/2019,9719.718696
BTC,9/25/2019,8688.973526
BTC,9/26/2019,8438.708552
BTC,9/27/2019,8103.2109
BTC,9/28/2019,8195.210697
BTC,9/29/2019,8146.414032
BTC,9/30/2019,8085.71329
BTC,10/1/2019,8241.34147
BTC,10/2/2019,8333.68919
BTC,10/3/2019,8273.464018
BTC,10/4/2019,8203.843833
BTC,10/5/2019,8163.902638
BTC,10/6/2019,8137.146689
BTC,10/7/2019,7853.693305
BTC,10/8/2019,8236.208379
BTC,10/9/2019,8201.637818
BTC,10/10/2019,8572.380812
BTC,10/11/2019,8582.144518
BTC,10/12/2019,8320.171581
BTC,10/13/2019,8328.60426
BTC,10/14/2019,8282.177326
BTC,10/15/2019,8337.818999
BTC,10/16/2019,8162.44
BTC,10/17/2019,8003.820395
BTC,10/18/2019,8058.058081
BTC,10/19/2019,7970.239476
BTC,10/20/2019,7943.347107
BTC,10/21/2019,8200.318763
BTC,10/22/2019,8200.246099
BTC,10/23/2019,8073.409544
BTC,10/24/2019,7420.415836
BTC,10/25/2019,7460.617416
BTC,10/26/2019,8591.223897
BTC,10/27/2019,9578.367556
BTC,10/28/2019,9458.22336
BTC,10/29/2019,9455.724693
BTC,10/30/2019,9225.995479
BTC,10/31/2019,9131.41063
BTC,11/1/2019,9197.632345
BTC,11/2/2019,9290.896602
BTC,11/3/2019,9202.415451
BTC,11/4/2019,9369.628081
BTC,11/5/2019,9326.599624
BTC,11/6/2019,9335.752402
BTC,11/7/2019,9226.485821
BTC,11/8/2019,8794.358645
BTC,11/9/2019,8798.042055
BTC,11/10/2019,9081.186878
BTC,11/11/2019,8711.534339
BTC,11/12/2019,8760.892718
BTC,11/13/2019,8749.520591
BTC,11/14/2019,8656.970922
BTC,11/15/2019,8500.643558
BTC,11/16/2019,8469.260899
BTC,11/17/2019,8537.339652
BTC,11/18/2019,8205.806366
BTC,11/19/2019,8118.488536
BTC,11/20/2019,8074.843174
BTC,11/21/2019,7612.740574
BTC,11/22/2019,7262.110535
BTC,11/23/2019,7303.405759
BTC,11/24/2019,7041.732936
BTC,11/25/2019,7211.861809
BTC,11/26/2019,7141.069449
BTC,11/27/2019,7523.480673
BTC,11/28/2019,7390.207469
BTC,11/29/2019,7729.265939
BTC,11/30/2019,7542.235609
BTC,12/1/2019,7381.963008
BTC,12/2/2019,7333.43293
BTC,12/3/2019,7315.367765
BTC,12/4/2019,7213.733762
BTC,12/5/2019,7398.78705
BTC,12/6/2019,7511.880583
BTC,12/7/2019,7532.123513
BTC,12/8/2019,7550.2392
BTC,12/9/2019,7333.096043
BTC,12/10/2019,7239.762575
BTC,12/11/2019,7198.066677
BTC,12/12/2019,7190.272369
BTC,12/13/2019,7238.874323
BTC,12/14/2019,7087.024985
BTC,12/15/2019,7112.731476
BTC,12/16/2019,6883.496394
BTC,12/17/2019,6584.028843
BTC,12/18/2019,7424.0154
BTC,12/19/2019,7147.568324
BTC,12/20/2019,7139.933371
BTC,12/21/2019,7286.335081
BTC,12/22/2019,7236.986205
BTC,12/23/2019,7166.172379
BTC,12/24/2019,7235.62665
BTC,12/25/2019,7212.809395
BTC,12/26/2019,7183.706536
BTC,12/27/2019,7227.293712
BTC,12/28/2019,7311.560644
BTC,12/29/2019,7385.464848
BTC,12/30/2019,7251.276794
BTC,12/31/2019,7179.957819
BTC,1/1/2020,7174.744012
BTC,1/2/2020,6955.48758
BTC,1/3/2020,7291.219505
BTC,1/4/2020,7337.63667
BTC,1/5/2020,7347.433264
BTC,1/6/2020,7713.860754
BTC,1/7/2020,8039.603701
BTC,1/8/2020,8067.606369
BTC,1/9/2020,7808.701364
BTC,1/10/2020,8087.452885
BTC,1/11/2020,8078.993532
BTC,1/12/2020,8149.313717
BTC,1/13/2020,8116.961008
BTC,1/14/2020,8735.142439
BTC,1/15/2020,8843.675732
BTC,1/16/2020,8711.637578
BTC,1/17/2020,8925.299028
BTC,1/18/2020,8939.8643
BTC,1/19/2020,8638.18144
BTC,1/20/2020,8652.683763
BTC,1/21/2020,8708.786013
BTC,1/22/2020,8635.074357
BTC,1/23/2020,8384.088777
BTC,1/24/2020,8451.232296
BTC,1/25/2020,8347.567505
BTC,1/26/2020,8562.30747
BTC,1/27/2020,8881.962391
BTC,1/28/2020,9131.114988
BTC,1/29/2020,9320.978406
BTC,1/30/2020,9545.077957
BTC,1/31/2020,9388.880752
BTC,2/1/2020,9363.193383
BTC,2/2/2020,9385.260386
BTC,2/3/2020,9269.707035
BTC,2/4/2020,9177.894637
BTC,2/5/2020,9625.456637
BTC,2/6/2020,9681.377411
BTC,2/7/2020,9795.344066
BTC,2/8/2020,9927.778256
BTC,2/9/2020,10132.7065
BTC,2/10/2020,9838.900016
BTC,2/11/2020,10236.63515
BTC,2/12/2020,10364.92629
BTC,2/13/2020,10218.09974
BTC,2/14/2020,10367.528
BTC,2/15/2020,9926.353691
BTC,2/16/2020,9876.234963
BTC,2/17/2020,9636.624095
BTC,2/18/2020,10189.99598
BTC,2/19/2020,9701.037191
BTC,2/20/2020,9631.484946
BTC,2/21/2020,9670.858654
BTC,2/22/2020,9689.086743
BTC,2/23/2020,9919.551448
BTC,2/24/2020,9640.469505
BTC,2/25/2020,9392.869629
BTC,2/26/2020,8787.978363
BTC,2/27/2020,8784.995352
BTC,2/28/2020,8778.470511
BTC,2/29/2020,8639.591417
BTC,3/1/2020,8548.948322
BTC,3/2/2020,8923.044398
BTC,3/3/2020,8791.112058
BTC,3/4/2020,8756.961062
BTC,3/5/2020,9078.578777
BTC,3/6/2020,9126.636822
BTC,3/7/2020,8925.213488
BTC,3/8/2020,8166.313894
BTC,3/9/2020,7875.750875
BTC,3/10/2020,7959.228274
BTC,3/11/2020,7955.306284
BTC,3/12/2020,5800.208905
BTC,3/13/2020,5672.681201
BTC,3/14/2020,5304.149952
BTC,3/15/2020,5355.187374
BTC,3/16/2020,4944.702336
BTC,3/17/2020,5465.582594
BTC,3/18/2020,5363.822853
BTC,3/19/2020,6301.063404
BTC,3/20/2020,6185.279839
BTC,3/21/2020,6187.05375
BTC,3/22/2020,5884.340133
BTC,3/23/2020,6455.454688
BTC,3/24/2020,6784.318011
BTC,3/25/2020,6706.985089
BTC,3/26/2020,6721.495392
BTC,3/27/2020,6682.780049
BTC,3/28/2020,6229.488343
BTC,3/30/2020,5922.489835
BTC,3/31/2020,6483.739446
BTC,4/1/2020,6446.421347
BTC,4/2/2020,6537.336462
BTC,4/3/2020,6850.558712
BTC,4/4/2020,6776.370094
BTC,4/5/2020,6855.933264
BTC,4/6/2020,6805.362287
BTC,4/7/2020,7278.24397
BTC,4/8/2020,7175.667477
BTC,4/9/2020,7367.293398
BTC,4/10/2020,7321.816614
BTC,4/11/2020,6866.398189
BTC,4/12/2020,6873.848495
BTC,4/13/2020,7043.438864
BTC,4/14/2020,6889.863772
BTC,4/15/2020,6887.554908
BTC,4/16/2020,6718.79995
BTC,4/17/2020,7166.582817
BTC,4/18/2020,7065.082389
BTC,4/19/2020,7277.140586
BTC,4/20/2020,7185.870303
BTC,4/21/2020,6856.146435
BTC,4/22/2020,6904.475773
BTC,4/23/2020,7118.388748
BTC,4/24/2020,7562.032832
BTC,4/25/2020,7497.861764
BTC,4/26/2020,7542.303401
BTC,4/27/2020,7624.853786
BTC,4/28/2020,7776.507543
BTC,4/29/2020,7761.758784
BTC,4/30/2020,8773.106488
BTC,5/1/2020,8767.672623
BTC,5/2/2020,8853.774484
BTC,5/3/2020,8963.057558
BTC,5/4/2020,8904.713817
BTC,5/5/2020,8887.505893
BTC,5/6/2020,8978.283587
BTC,5/7/2020,9371.684273
BTC,5/8/2020,9900.678867
BTC,5/9/2020,9917.248414
BTC,5/10/2020,9617.518195
BTC,5/11/2020,8786.655182
BTC,5/12/2020,8608.125245
BTC,5/13/2020,8815.231245
BTC,5/14/2020,9330.986485
BTC,5/15/2020,9757.296586
BTC,5/16/2020,9362.635557
BTC,5/17/2020,9418.918551
BTC,5/18/2020,9684.701959
BTC,5/19/2020,9723.68015
BTC,5/20/2020,9719.480854
BTC,5/21/2020,9540.886567
BTC,5/22/2020,9141.150637
BTC,5/23/2020,9192.845136
BTC,5/24/2020,9220.075887
BTC,5/25/2020,9048.715119
BTC,5/26/2020,8905.781605
BTC,5/27/2020,8835.727224
BTC,5/28/2020,9112.979176
BTC,5/29/2020,9507.524665
BTC,5/30/2020,9425.281869
BTC,5/31/2020,9688.32439
BTC,6/1/2020,9427.670084
BTC,6/2/2020,10268.58198
BTC,6/3/2020,9516.135443
BTC,6/4/2020,9667.060754
BTC,6/5/2020,9811.367095
BTC,6/6/2020,9659.661298
BTC,6/7/2020,9677.050995
BTC,6/8/2020,9737.458559
BTC,6/9/2020,9791.9279
BTC,6/10/2020,9786.14202
BTC,6/11/2020,9874.967048
BTC,6/12/2020,9260.832641
BTC,6/13/2020,9464.228097
BTC,6/14/2020,9458.659754
BTC,6/15/2020,9351.953728
BTC,6/16/2020,9441.768996
BTC,6/17/2020,9510.660637
BTC,6/18/2020,9457.627074
BTC,6/19/2020,9398.642094
BTC,6/20/2020,9279.760765
BTC,6/21/2020,9353.078196
BTC,6/22/2020,9289.104491
BTC,6/23/2020,9680.947128
BTC,6/24/2020,9609.680246
BTC,6/25/2020,9311.136318
BTC,6/26/2020,9252.633372
BTC,6/27/2020,9171.732086
BTC,6/28/2020,9022.153768
BTC,6/29/2020,9101.850057
BTC,6/30/2020,9188.061375
BTC,7/1/2020,9148.444859
BTC,7/2/2020,9236.31677
BTC,7/3/2020,9097.797366
BTC,7/4/2020,9094.324561
BTC,7/5/2020,9124.653534
BTC,7/6/2020,9055.464483
BTC,7/7/2020,9278.805637
BTC,7/8/2020,9244.415815
BTC,7/9/2020,9471.759973
BTC,7/10/2020,9236.143254
BTC,7/11/2020,9243.175259
BTC,7/12/2020,9229.859755
BTC,7/13/2020,9286.737042
BTC,7/14/2020,9238.993755
BTC,7/15/2020,9260.47098
BTC,7/16/2020,9211.026433
BTC,7/17/2020,9133.77783
BTC,7/18/2020,9160.410591
BTC,7/19/2020,9176.68639
BTC,7/20/2020,9190.271534
BTC,7/21/2020,9172.588333
BTC,7/22/2020,9395.064446
BTC,7/23/2020,9530.790885
BTC,7/24/2020,9617.377861
BTC,7/25/2020,9568.974726
BTC,7/26/2020,9708.94914
BTC,7/27/2020,9938.951223
BTC,7/28/2020,11187.77973
BTC,7/29/2020,10939.67014
BTC,7/30/2020,11284.45899
BTC,7/31/2020,11118.91841
BTC,8/1/2020,11373.31726
BTC,8/2/2020,11766.7483
BTC,8/3/2020,11139.09838
BTC,8/4/2020,11261.80633
BTC,8/5/2020,11228.02632
BTC,8/6/2020,11653.40759
BTC,8/7/2020,11796.81736
BTC,8/8/2020,11639.93541
BTC,8/9/2020,11744.91208
BTC,8/10/2020,11673.12324
BTC,8/11/2020,11832.22731
BTC,8/12/2020,11340.58234
BTC,8/13/2020,11549.54631
BTC,8/14/2020,11752.16866
BTC,8/15/2020,11783.28341
BTC,8/16/2020,11895.62695
BTC,8/17/2020,11896.94717
BTC,8/18/2020,12399.11188
BTC,8/19/2020,12071.73891
BTC,8/20/2020,11749.82951
BTC,8/21/2020,11833.89735
BTC,8/22/2020,11583.13894
BTC,8/23/2020,11674.62435
BTC,8/24/2020,11666.41012
BTC,8/25/2020,11744.0127
BTC,8/26/2020,11378.72603
BTC,8/27/2020,11458.8226
BTC,8/28/2020,11302.12096
BTC,8/29/2020,11482.22569
BTC,8/30/2020,11515.04443
BTC,8/31/2020,11657.00393
BTC,9/1/2020,11678.37326
BTC,9/2/2020,11964.20867
BTC,9/3/2020,11427.7026
BTC,9/4/2020,10712.92065
BTC,9/5/2020,10563.89694
BTC,9/6/2020,10042.85485
BTC,9/7/2020,10207.605
BTC,9/8/2020,10381.77611
BTC,9/9/2020,10043.19644
BTC,9/10/2020,10268.46092
BTC,9/11/2020,10341.01598
BTC,9/12/2020,10380.5396
BTC,9/13/2020,10436.36541
BTC,9/14/2020,10313.06858
BTC,9/15/2020,10680.29756
BTC,9/16/2020,10829.50531
BTC,9/17/2020,11033.38353
BTC,9/18/2020,10937.11126
BTC,9/19/2020,10933.93116
BTC,9/20/2020,11048.87928
BTC,9/21/2020,10852.91014
BTC,9/22/2020,10526.20289
BTC,9/23/2020,10531.16456
BTC,9/24/2020,10260.03301
BTC,9/25/2020,10672.95681
BTC,9/26/2020,10729.06961
BTC,9/27/2020,10741.47647
BTC,9/28/2020,10752.34545
BTC,9/29/2020,10863.06572
BTC,9/30/2020,10764.28437
BTC,10/1/2020,10741.57955
BTC,10/2/2020,10626.60096
BTC,10/3/2020,10567.3302
BTC,10/4/2020,10555.02868
BTC,10/5/2020,10660.61118
BTC,10/6/2020,10756.40458
BTC,10/7/2020,10589.62639
BTC,10/8/2020,10645.75479
BTC,10/9/2020,10897.59543
BTC,10/10/2020,11052.39508
BTC,10/11/2020,11360.85272
BTC,10/12/2020,11334.02674
BTC,10/13/2020,11666.2117
BTC,10/14/2020,11443.73279
BTC,10/15/2020,11395.54737
BTC,10/16/2020,11504.54901
BTC,10/17/2020,11355.16044
BTC,10/18/2020,11358.70638
BTC,10/19/2020,11471.00255
BTC,10/20/2020,11776.593
BTC,10/21/2020,11936.36291
BTC,10/22/2020,13102.93446
BTC,10/23/2020,13140.66928
BTC,10/24/2020,12933.82357
BTC,10/25/2020,13008.45326
BTC,10/26/2020,13033.52427
BTC,10/27/2020,13721.28222
BTC,10/28/2020,13282.26035
BTC,10/29/2020,13467.73178
BTC,10/30/2020,13573.7105
BTC,10/31/2020,13891.21683
BTC,11/1/2020,13730.19731
BTC,11/2/2020,13633.69822
BTC,11/3/2020,13832.93841
BTC,11/4/2020,14163.97682
BTC,11/5/2020,15424.52768
BTC,11/6/2020,15540.59659
BTC,11/7/2020,14783.98168
BTC,11/8/2020,15500.33425
BTC,11/9/2020,15283.78014
BTC,11/10/2020,15374.04439
BTC,11/11/2020,15820.49524
BTC,11/12/2020,16253.31027
BTC,11/13/2020,16347.04492
BTC,11/14/2020,15991.83302
BTC,11/15/2020,15918.08013
BTC,11/16/2020,16752.00299
BTC,11/17/2020,17593.48641
BTC,11/18/2020,17834.63653
BTC,11/19/2020,17954.85801
BTC,11/20/2020,18612.87067
BTC,11/21/2020,18591.8566
BTC,11/22/2020,18629.99554
BTC,11/23/2020,18469.20047
BTC,11/24/2020,19045.73647
BTC,11/25/2020,18746.93481
BTC,11/26/2020,17187.40628
BTC,11/27/2020,17023.9614
BTC,11/28/2020,17814.78028
BTC,11/29/2020,18114.41435
BTC,11/30/2020,19382.36059
BTC,12/1/2020,18980.97745
BTC,12/2/2020,19184.89785
BTC,12/3/2020,19464.5317
BTC,12/4/2020,18813.12476
BTC,12/5/2020,19045.02027
BTC,12/6/2020,19113.9334
BTC,12/7/2020,19107.5998
BTC,12/8/2020,18682.45783
BTC,12/9/2020,18543.00705
BTC,12/10/2020,18359.4766
BTC,12/11/2020,18137.31937
BTC,12/12/2020,18882.26017
BTC,12/13/2020,19060.2769
BTC,12/14/2020,19251.224
BTC,12/15/2020,19443.47635
BTC,12/16/2020,21310.65626
BTC,12/17/2020,22895.97624
BTC,12/18/2020,23008.77626
BTC,12/19/2020,23890.82265
BTC,12/20/2020,23537.36989
BTC,12/21/2020,23177.271
BTC,12/22/2020,23433.98076
BTC,12/23/2020,23224.45414
BTC,12/24/2020,23623.88553
BTC,12/25/2020,24581.00617
BTC,12/26/2020,26381.29623
BTC,12/27/2020,26389.29026
BTC,12/28/2020,26718.02946
BTC,12/29/2020,26975.72956
BTC,12/30/2020,28768.83621
BTC,12/31/2020,29111.52157
BTC,1/1/2021,29333.60512
BTC,1/2/2021,32154.16736
BTC,1/3/2021,33002.53643
BTC,1/4/2021,31431.61228
BTC,1/5/2021,34433.60651
BTC,1/6/2021,36275.75635
BTC,1/7/2021,39713.50786
BTC,1/8/2021,40519.4486
BTC,1/9/2021,40258.92399
BTC,1/10/2021,38709.76537
BTC,1/11/2021,34409.64238
BTC,1/12/2021,34214.61026
BTC,1/13/2021,37017.0075
BTC,1/14/2021,38435.86351
BTC,1/15/2021,36751.58497
BTC,1/16/2021,36016.77961
BTC,1/17/2021,36375.81138
BTC,1/18/2021,36346.6095
BTC,1/19/2021,36577.51965
BTC,1/20/2021,35004.53263
BTC,1/21/2021,30606.18268
BTC,1/22/2021,33368.36593
BTC,1/23/2021,32070.09743
BTC,1/24/2021,32285.72613
BTC,1/25/2021,32500.25596
BTC,1/26/2021,32324.55565
BTC,1/27/2021,30534.99937
BTC,1/28/2021,33408.21834
BTC,1/29/2021,34842.55739
BTC,1/30/2021,34622.37323
BTC,1/31/2021,33087.36986
BTC,2/1/2021,33613.32076
BTC,2/2/2021,35632.90195
BTC,2/3/2021,37397.42636
BTC,2/4/2021,37256.25211
BTC,2/5/2021,37851.59659
BTC,2/6/2021,40302.79979
BTC,2/7/2021,38461.6814
BTC,2/8/2021,44716.68547
BTC,2/9/2021,46674.85169
BTC,2/10/2021,45237.47569
BTC,2/11/2021,47500.89752
BTC,2/12/2021,47884.18286
BTC,2/13/2021,47005.19065
BTC,2/14/2021,49151.16758
BTC,2/15/2021,48125.9922
BTC,2/16/2021,48840.41447
BTC,2/17/2021,52165.30256
BTC,2/18/2021,51728.5088
BTC,2/19/2021,55719.20436
BTC,2/20/2021,54801.64864
BTC,2/21/2021,57128.64261
BTC,2/22/2021,54181.91465
BTC,2/23/2021,48172.87748
BTC,2/24/2021,48745.43298
BTC,2/25/2021,48291.41208
BTC,2/26/2021,45752.11492
BTC,2/27/2021,46642.60608
BTC,2/28/2021,45092.80657
BTC,3/1/2021,49248.91401
BTC,3/2/2021,47900.77688
BTC,3/3/2021,50811.85517
BTC,3/4/2021,48259.48708
BTC,3/5/2021,49149.73083
BTC,3/6/2021,48879.1519
BTC,3/7/2021,50594.69857
BTC,3/8/2021,51503.25813
BTC,3/9/2021,54458.03781
BTC,3/10/2021,56915.17394
BTC,3/11/2021,57636.75796
BTC,3/12/2021,57306.16626
BTC,3/13/2021,60743.04182
BTC,3/14/2021,60197.90199
BTC,3/15/2021,56300.33411
BTC,3/16/2021,56639.78395
BTC,3/17/2021,58567.28378
BTC,3/18/2021,57983.09474
BTC,3/19/2021,58451.73147
BTC,3/20/2021,58593.60245
BTC,3/21/2021,57796.46737
BTC,3/22/2021,54329.35863
BTC,3/23/2021,54794.29771
BTC,3/24/2021,52787.74553
BTC,3/25/2021,52173.86798
BTC,3/26/2021,54483.04573
BTC,3/27/2021,56234.35611
BTC,3/29/2021,55343.92582
BTC,3/30/2021,57627.67925
BTC,3/31/2021,58734.47543
BTC,4/1/2021,58724.66452
BTC,4/2/2021,58984.61293
BTC,4/3/2021,58821.62699
BTC,4/4/2021,57517.79877
BTC,4/5/2021,58177.40276
BTC,4/6/2021,58843.55954
BTC,4/7/2021,58040.1876
BTC,4/8/2021,56508.94286
BTC,4/9/2021,57880.90568
BTC,4/10/2021,58171.90902
BTC,4/11/2021,59295.95004
BTC,4/12/2021,59893.45313
BTC,4/13/2021,63503.45703
BTC,4/14/2021,63109.69531
BTC,4/15/2021,63314.01172
BTC,4/16/2021,61572.78906
BTC,4/17/2021,60683.82031
BTC,4/18/2021,56216.18359
BTC,4/19/2021,55724.26563
BTC,4/20/2021,56473.03125
BTC,4/21/2021,53906.08984
BTC,4/22/2021,51762.27344
BTC,4/23/2021,51093.65234
BTC,4/24/2021,50050.86719
BTC,4/25/2021,49004.25391
BTC,4/26/2021,54021.75391
BTC,4/27/2021,55033.11719
BTC,4/28/2021,54824.70313
BTC,4/29/2021,53555.10938
BTC,4/30/2021,57750.17578
BTC,5/1/2021,57828.05078
BTC,5/2/2021,56631.07813
BTC,5/3/2021,57200.29297
BTC,5/4/2021,53333.53906
BTC,5/5/2021,57424.00781
BTC,5/6/2021,56396.51563
BTC,5/7/2021,57356.40234
BTC,5/8/2021,58803.77734
BTC,5/9/2021,58232.31641
BTC,5/10/2021,55859.79688
BTC,5/11/2021,56704.57422
BTC,5/12/2021,49150.53516
BTC,5/13/2021,49716.19141
BTC,5/14/2021,49880.53516
BTC,5/15/2021,46760.1875
BTC,5/16/2021,46456.05859
BTC,5/17/2021,43537.51172
BTC,5/18/2021,42909.40234
BTC,5/19/2021,37002.44141
BTC,5/20/2021,40782.73828
BTC,5/21/2021,37304.69141
BTC,5/22/2021,37536.63281
BTC,5/23/2021,34770.58203
BTC,5/24/2021,38705.98047
BTC,5/25/2021,38402.22266
BTC,5/26/2021,39294.19922
BTC,5/27/2021,38436.96875
BTC,5/28/2021,35697.60547
BTC,5/29/2021,34616.06641
BTC,5/30/2021,35678.12891
BTC,5/31/2021,37332.85547
BTC,6/1/2021,36684.92578
BTC,6/2/2021,37575.17969
BTC,6/3/2021,39208.76563
BTC,6/4/2021,36894.40625
BTC,6/5/2021,35551.95703
BTC,6/6/2021,35862.37891
BTC,6/7/2021,33560.70703
BTC,6/8/2021,33472.63281
BTC,6/9/2021,37345.12109
BTC,6/10/2021,36702.59766
BTC,6/11/2021,37334.39844
BTC,6/12/2021,35552.51563
BTC,6/13/2021,39097.85938
BTC,6/14/2021,40218.47656
BTC,6/15/2021,40406.26953
BTC,6/16/2021,38347.0625
BTC,6/17/2021,38053.50391
BTC,6/18/2021,35787.24609
BTC,6/19/2021,35615.87109
BTC,6/20/2021,35698.29688
BTC,6/21/2021,31676.69336
BTC,6/22/2021,32505.66016
BTC,6/23/2021,33723.02734
BTC,6/24/2021,34662.4375
BTC,6/25/2021,31637.7793
BTC,6/26/2021,32186.27734
BTC,6/27/2021,34649.64453
BTC,6/28/2021,34434.33594
BTC,6/29/2021,35867.77734
BTC,6/30/2021,35040.83594
BTC,7/1/2021,33572.11719
BTC,7/2/2021,33897.04688
BTC,7/3/2021,34668.54688
BTC,7/4/2021,35287.78125
BTC,7/5/2021,33746.00391
BTC,7/6/2021,34235.19531
BTC,7/7/2021,33855.32813
BTC,7/8/2021,32877.37109
BTC,7/9/2021,33798.01172
BTC,7/10/2021,33520.51953
BTC,7/11/2021,34240.1875
BTC,7/12/2021,33155.84766
BTC,7/13/2021,32702.02539
BTC,7/14/2021,32822.34766
BTC,7/15/2021,31780.73047
BTC,7/16/2021,31421.53906
BTC,7/17/2021,31533.06836
BTC,7/18/2021,31796.81055
BTC,7/19/2021,30817.83203
BTC,7/20/2021,29807.34766
BTC,7/21/2021,32110.69336
BTC,7/22/2021,32313.10547
BTC,7/23/2021,33581.55078
BTC,7/24/2021,34292.44531
BTC,7/25/2021,35350.1875
BTC,7/26/2021,37337.53516
BTC,7/27/2021,39406.94141
BTC,7/28/2021,39995.90625
BTC,7/29/2021,40008.42188
BTC,7/30/2021,42235.54688
BTC,7/31/2021,41626.19531
BTC,8/1/2021,39974.89453
BTC,8/2/2021,39201.94531
BTC,8/3/2021,38152.98047
BTC,8/4/2021,39747.50391
BTC,8/5/2021,40869.55469
BTC,8/6/2021,42816.5
BTC,8/7/2021,44555.80078
BTC,8/8/2021,43798.11719
BTC,8/9/2021,46365.40234
BTC,8/10/2021,45585.03125
BTC,8/11/2021,45593.63672
BTC,8/12/2021,44428.28906
BTC,8/13/2021,47793.32031
BTC,8/14/2021,47096.94531
BTC,8/15/2021,47047.00391
BTC,8/16/2021,46004.48438
BTC,8/17/2021,44695.35938
BTC,8/18/2021,44801.1875
BTC,8/19/2021,46717.57813
BTC,8/20/2021,49339.17578
BTC,8/21/2021,48905.49219
BTC,8/22/2021,49321.65234
BTC,8/23/2021,49546.14844
BTC,8/24/2021,47706.11719
BTC,8/25/2021,48960.78906
BTC,8/26/2021,46942.21875
BTC,8/27/2021,49058.66797
BTC,8/28/2021,48902.40234
BTC,8/29/2021,48829.83203
BTC,8/30/2021,47054.98438
BTC,8/31/2021,47166.6875
BTC,9/1/2021,48847.02734
BTC,9/2/2021,49327.72266
BTC,9/3/2021,50025.375
BTC,9/4/2021,49944.625
BTC,9/5/2021,51753.41016
BTC,9/6/2021,52633.53516
BTC,9/7/2021,46811.12891
BTC,9/8/2021,46091.39063
BTC,9/9/2021,46391.42188
BTC,9/10/2021,44883.91016
BTC,9/11/2021,45201.45703
BTC,9/12/2021,46063.26953
BTC,9/13/2021,44963.07422
BTC,9/14/2021,47092.49219
BTC,9/15/2021,48176.34766
BTC,9/16/2021,47783.35938
BTC,9/17/2021,47267.51953
BTC,9/18/2021,48278.36328
BTC,9/19/2021,47260.21875
BTC,9/20/2021,42843.80078
BTC,9/21/2021,40693.67578
BTC,9/22/2021,43574.50781
BTC,9/23/2021,44895.09766
BTC,9/24/2021,42839.75
BTC,9/25/2021,42716.59375
BTC,9/26/2021,43208.53906
BTC,9/27/2021,42235.73047
BTC,9/28/2021,41034.54297
BTC,9/29/2021,41564.36328
BTC,9/30/2021,43790.89453
BTC,10/1/2021,48116.94141
BTC,10/2/2021,47711.48828
BTC,10/3/2021,48199.95313
BTC,10/4/2021,49112.90234
BTC,10/5/2021,51514.8125
BTC,10/6/2021,55361.44922
BTC,10/7/2021,53805.98438
BTC,10/8/2021,53967.84766
BTC,10/9/2021,54968.22266
BTC,10/10/2021,54771.57813
BTC,10/11/2021,57484.78906
BTC,10/12/2021,56041.05859
BTC,10/13/2021,57401.09766
BTC,10/14/2021,57321.52344
BTC,10/15/2021,61593.94922
BTC,10/16/2021,60892.17969
BTC,10/17/2021,61553.61719
BTC,10/18/2021,62026.07813
BTC,10/19/2021,64261.99219
BTC,10/20/2021,65992.83594
BTC,10/21/2021,62210.17188
BTC,10/22/2021,60692.26563
BTC,10/23/2021,61393.61719
BTC,10/24/2021,60930.83594
BTC,10/25/2021,63039.82422
BTC,10/26/2021,60363.79297
BTC,10/27/2021,58482.38672
BTC,10/28/2021,60622.13672
BTC,10/29/2021,62227.96484
BTC,10/30/2021,61888.83203
BTC,10/31/2021,61318.95703
BTC,11/1/2021,61004.40625
BTC,11/2/2021,63226.40234
BTC,11/3/2021,62970.04688
BTC,11/4/2021,61452.23047
BTC,11/5/2021,61125.67578
BTC,11/6/2021,61527.48047
BTC,11/7/2021,63326.98828
BTC,11/8/2021,67566.82813
BTC,11/9/2021,66971.82813
BTC,11/10/2021,64995.23047
BTC,11/11/2021,64949.96094
BTC,11/12/2021,64155.94141
BTC,11/13/2021,64469.52734
BTC,11/14/2021,65466.83984
BTC,11/15/2021,63557.87109
BTC,11/16/2021,60161.24609
BTC,11/17/2021,60368.01172
BTC,11/18/2021,56942.13672
BTC,11/19/2021,58119.57813
BTC,11/20/2021,59697.19531
BTC,11/21/2021,58730.47656
BTC,11/22/2021,56289.28906
BTC,11/23/2021,57569.07422
BTC,11/24/2021,56280.42578
BTC,11/25/2021,57274.67969
BTC,11/26/2021,53569.76563
BTC,11/27/2021,54815.07813
BTC,11/28/2021,57248.45703
BTC,11/29/2021,57806.56641
BTC,11/30/2021,57005.42578
BTC,12/1/2021,57229.82813
BTC,12/2/2021,56477.81641
BTC,12/3/2021,53598.24609
BTC,12/4/2021,49200.70313
BTC,12/5/2021,49368.84766
BTC,12/6/2021,50582.625
BTC,12/7/2021,50700.08594
BTC,12/8/2021,50504.79688
BTC,12/9/2021,47672.12109
BTC,12/10/2021,47243.30469
BTC,12/11/2021,49362.50781
BTC,12/12/2021,50098.33594
BTC,12/13/2021,46737.48047
BTC,12/14/2021,46612.63281
BTC,12/15/2021,48896.72266
BTC,12/16/2021,47665.42578
BTC,12/17/2021,46202.14453
BTC,12/18/2021,46848.77734
BTC,12/19/2021,46707.01563
BTC,12/20/2021,46880.27734
BTC,12/21/2021,48936.61328
BTC,12/22/2021,48628.51172
BTC,12/23/2021,50784.53906
BTC,12/24/2021,50822.19531
BTC,12/25/2021,50429.85938
BTC,12/26/2021,50809.51563
BTC,12/27/2021,50640.41797
BTC,12/28/2021,47588.85547
BTC,12/29/2021,46444.71094
BTC,12/30/2021,47178.125
BTC,12/31/2021,46306.44531
BTC,1/1/2022,47686.8125
BTC,1/2/2022,47345.21875
BTC,1/3/2022,46458.11719
BTC,1/4/2022,45897.57422
BTC,1/5/2022,43569.00391
BTC,1/6/2022,43160.92969
BTC,1/7/2022,41557.90234
BTC,1/8/2022,41733.94141
BTC,1/9/2022,41911.60156
BTC,1/10/2022,41821.26172
BTC,1/11/2022,42735.85547
BTC,1/12/2022,43949.10156
BTC,1/13/2022,42591.57031
BTC,1/14/2022,43099.69922
BTC,1/15/2022,43177.39844
BTC,1/16/2022,43113.87891
BTC,1/17/2022,42250.55078
BTC,1/18/2022,42375.63281
BTC,1/19/2022,41744.32813
BTC,1/20/2022,40680.41797
BTC,1/21/2022,36457.31641
BTC,1/22/2022,35030.25
BTC,1/23/2022,36276.80469
BTC,1/24/2022,36654.32813
BTC,1/25/2022,36954.00391
BTC,1/26/2022,36852.12109
BTC,1/27/2022,37138.23438
BTC,1/28/2022,37784.33203
BTC,1/29/2022,38138.17969
BTC,1/30/2022,37917.60156
BTC,1/31/2022,38483.125
BTC,2/1/2022,38743.27344
BTC,2/2/2022,36952.98438
BTC,2/3/2022,37154.60156
BTC,2/4/2022,41500.875
BTC,2/5/2022,41441.16406
BTC,2/6/2022,42412.43359
BTC,2/7/2022,43840.28516
BTC,2/8/2022,44118.44531
BTC,2/9/2022,44338.79688
BTC,2/10/2022,43565.11328
BTC,2/11/2022,42407.9375
BTC,2/12/2022,42244.46875
BTC,2/13/2022,42197.51563
BTC,2/14/2022,42586.91797
BTC,2/15/2022,44575.20313
BTC,2/16/2022,43961.85938
BTC,2/17/2022,40538.01172
BTC,2/18/2022,40030.97656
BTC,2/19/2022,40122.15625
BTC,2/20/2022,38431.37891
BTC,2/21/2022,37075.28125
BTC,2/22/2022,38286.02734
BTC,2/23/2022,37296.57031
BTC,2/24/2022,38332.60938
BTC,2/25/2022,39214.21875
BTC,2/26/2022,39105.14844
BTC,2/27/2022,37709.78516
BTC,2/28/2022,43193.23438
BTC,3/1/2022,44354.63672
BTC,3/2/2022,43924.11719
BTC,3/3/2022,42451.78906
BTC,3/4/2022,39137.60547
BTC,3/5/2022,39400.58594
BTC,3/6/2022,38419.98438
BTC,3/7/2022,38062.03906
BTC,3/8/2022,38737.26953
BTC,3/9/2022,41982.92578
BTC,3/10/2022,39437.46094
BTC,3/11/2022,38794.97266
BTC,3/12/2022,38904.01172
BTC,3/13/2022,37849.66406
BTC,3/14/2022,39666.75391
BTC,3/15/2022,39338.78516
BTC,3/16/2022,41143.92969
BTC,3/17/2022,40951.37891
BTC,3/18/2022,41801.15625
BTC,3/19/2022,42190.65234
BTC,3/20/2022,41247.82422
BTC,3/21/2022,41077.99609
BTC,3/22/2022,42358.80859
BTC,3/23/2022,42892.95703
BTC,3/24/2022,43960.93359
BTC,3/25/2022,44348.73047
BTC,3/26/2022,44500.82813
BTC,3/27/2022,46820.49219
BTC,3/28/2022,47128.00391
BTC,3/29/2022,47465.73047
BTC,3/30/2022,47062.66406
BTC,3/31/2022,45538.67578
BTC,4/1/2022,46281.64453
BTC,4/2/2022,45868.94922
BTC,4/3/2022,46453.56641
BTC,4/4/2022,46622.67578
BTC,4/5/2022,45555.99219
BTC,4/6/2022,43206.73828
BTC,4/7/2022,43503.84766
BTC,4/8/2022,42287.66406
BTC,4/9/2022,42782.13672
BTC,4/10/2022,42207.67188
BTC,4/11/2022,39521.90234
BTC,4/12/2022,40127.18359
BTC,4/13/2022,41166.73047
BTC,4/14/2022,39935.51563
BTC,4/15/2022,40553.46484
BTC,4/16/2022,40424.48438
BTC,4/17/2022,39716.95313
BTC,4/18/2022,40826.21484
BTC,4/19/2022,41502.75
BTC,4/20/2022,41374.37891
BTC,4/21/2022,40527.36328
BTC,4/22/2022,39740.32031
BTC,4/23/2022,39486.73047
BTC,4/24/2022,39469.29297
BTC,4/25/2022,40458.30859
BTC,4/26/2022,38117.46094
BTC,4/27/2022,39241.12109
BTC,4/28/2022,39773.82813
BTC,4/29/2022,38609.82422
BTC,4/30/2022,37714.875
BTC,5/1/2022,38469.09375
BTC,5/2/2022,38529.32813
BTC,5/3/2022,37750.45313
BTC,5/4/2022,39698.37109
BTC,5/5/2022,36575.14063
BTC,5/6/2022,36040.92188
BTC,5/7/2022,35501.95313
BTC,5/8/2022,34059.26563
BTC,5/9/2022,30296.95313
BTC,5/10/2022,31022.90625
BTC,5/11/2022,28936.35547
BTC,5/12/2022,29047.75195
BTC,5/13/2022,29283.10352
BTC,5/14/2022,30101.26563
BTC,5/15/2022,31305.11328
BTC,5/16/2022,29862.91797
BTC,5/17/2022,30425.85742
BTC,5/18/2022,28720.27148
BTC,5/19/2022,30314.33398
BTC,5/20/2022,29200.74023
BTC,5/21/2022,29432.22656
BTC,5/22/2022,30323.72266
BTC,5/23/2022,29098.91016
BTC,5/24/2022,29655.58594
BTC,5/25/2022,29562.36133
BTC,5/26/2022,29267.22461
BTC,5/27/2022,28627.57422
BTC,5/28/2022,28814.90039
BTC,5/29/2022,29445.95703
BTC,5/30/2022,31726.39063
BTC,5/31/2022,31792.31055
BTC,6/1/2022,29799.08008
BTC,6/2/2022,30467.48828
BTC,6/3/2022,29704.39063
BTC,6/4/2022,29832.91406
BTC,6/5/2022,29906.66211
BTC,6/6/2022,31370.67188
BTC,6/7/2022,31155.47852
BTC,6/8/2022,30214.35547
BTC,6/9/2022,30111.99805
BTC,6/10/2022,29083.80469
BTC,6/11/2022,28360.81055
BTC,6/12/2022,26762.64844
BTC,6/13/2022,22487.38867
BTC,6/14/2022,22206.79297
BTC,6/15/2022,22572.83984
BTC,6/16/2022,20381.65039
BTC,6/17/2022,20471.48242
BTC,6/18/2022,19017.64258
BTC,6/19/2022,20553.27148
BTC,6/20/2022,20599.53711
BTC,6/21/2022,20710.59766
BTC,6/22/2022,19987.0293
BTC,6/23/2022,21085.87695
BTC,6/24/2022,21231.65625
BTC,6/25/2022,21502.33789
BTC,6/26/2022,21027.29492
BTC,6/27/2022,20735.47852
BTC,6/28/2022,20280.63477
BTC,6/29/2022,20104.02344
BTC,6/30/2022,19784.72656
BTC,7/1/2022,19269.36719
BTC,7/2/2022,19242.25586
BTC,7/3/2022,19297.07617
BTC,7/4/2022,20231.26172
BTC,7/5/2022,20190.11523
BTC,7/6/2022,20548.24609
BTC,7/7/2022,21637.58789
BTC,7/8/2022,21731.11719
BTC,7/9/2022,21592.20703
BTC,7/10/2022,20860.44922
BTC,7/11/2022,19970.55664
BTC,7/12/2022,19323.91406
BTC,7/13/2022,20212.07422
BTC,7/14/2022,20569.91992
BTC,7/15/2022,20836.32813
BTC,7/16/2022,21190.31641
BTC,7/17/2022,20779.34375
BTC,7/18/2022,22485.68945
BTC,7/19/2022,23389.43359
BTC,7/20/2022,23231.73242
BTC,7/21/2022,23164.62891
BTC,7/22/2022,22714.97852
BTC,7/23/2022,22465.47852
BTC,7/24/2022,22609.16406
BTC,7/25/2022,21361.70117
BTC,7/26/2022,21239.75391
BTC,7/27/2022,22930.54883
BTC,7/28/2022,23843.88672
BTC,7/29/2022,23804.63281
BTC,7/30/2022,23656.20703
BTC,7/31/2022,23336.89648
BTC,8/1/2022,23314.19922
BTC,8/2/2022,22978.11719
BTC,8/3/2022,22846.50781
BTC,8/4/2022,22630.95703
BTC,8/5/2022,23289.31445
BTC,8/6/2022,22961.2793
BTC,8/7/2022,23175.89063
BTC,8/8/2022,23809.48633
BTC,8/9/2022,23164.31836 
BTC,8/10/2022,23947.64258
BTC,8/11/2022,23957.5293
BTC,8/12/2022,24402.81836
BTC,8/13/2022,24424.06836
BTC,8/14/2022,24319.33398
BTC,8/15/2022,24136.97266
BTC,8/16/2022,23883.29102
BTC,8/17/2022,23335.99805
BTC,8/18/2022,23212.73828
BTC,8/19/2022,20877.55273
BTC,8/20/2022,21166.06055
BTC,8/21/2022,21534.12109
BTC,8/22/2022,21398.9082
BTC,8/23/2022,21528.08789
BTC,8/24/2022,21719.21875